{"ALTCASTE":{"26":"Gurukkal Brahmin","27":"Iyengar Brahmin","28":"Iyer Brahmin","129":"Darji","135":"Mukkulathor","178":"Shetty","181":"Amil Sindhi","182":"Baibhand Sindhi","183":"Bhanusali Sindhi","184":"Bhatia Sindhi","185":"Chhapru Sindhi","186":"Dadu Sindhi","187":"Hyderabadi Sindhi","188":"Larai Sindhi","189":"Larkana Sindhi","190":"Lohana Sindhi","191":"Rohiri Sindhi","192":"Sahiti Sindhi","193":"Sakkhar Sindhi","194":"Sehwani Sindhi","195":"Shikarpuri Sindhi","196":"Thatai Sindhi","240":"Bhumihar Brahmin","241":"Kanyakubj Brahmin","242":"Gaur Brahmin","243":"Maithil Brahmin","244":"Saryuparin Brahmin","245":"Garhwali Brahmin","246":"Pandit Brahmin","247":"Sanadya Brahmin","248":"Kumoani Brahmin","249":"Tyagi Brahmin","254":"Barendra Brahmin ","255":"Kulin Brahmin","256":"Rarhi Brahmin","257":"Rudraj Brahmin","258":"Namboodiri Brahmin","259":"Saraswat Brahmin","260":"Anavil Brahmin","261":"Audichya Brahmin","262":"Goswami Brahmin","263":"Modh Brahmin","264":"Nagar Brahmin","265":"Shrimali Brahmin","266":"Vyas Brahmin","267":"Bhatt Brahmin","268":"Sakaldwipi Brahmin","269":"Daivadnya Brahmin","270":"Deshastha Brahmin","271":"Havyaka Brahmin","272":"Hoysala Brahmin","273":"Karhade Brahmin","274":"Kota Brahmin","275":"Madhwa Brahmin","276":"Sanketi Brahmin","277":"Shivhalli Brahmin","278":"Smartha Brahmin","279":"Sri Vaishnava Brahmin","280":"Stanika Brahmin","282":"Mohyal Brahmin","283":"Kokanastha Brahmin","284":"Rigvedi Brahmin","285":"Vaidiki Brahmin","286":"Danua Brahmin","287":"Halua Brahmin","288":"Jhadua Brahmin","289":"Panda Brahmin","290":"Dhiman Brahmin","291":"Dravida Brahmin","292":"Niyogi Brahmin","299":"Jangid Brahmin","301":"Mera","303":"Paswan","313":"Jeer","317":"Nath","326":"Koiri","332":"Narmadiya Brahmin","337":"Pushkarna Brahmin","343":"Naika","354":"Velanadu Brahmin","680":"Gujar Gaur Brahmin","681":"Sikhwal Brahmin"}}