{"CASTESET":[{"CASTE":{"0":"Don\u0027t wish to specify","2":"Adi Dravida","8":"Arunthathiyar","23":"Boyer","25":"Brahmin - Others","26":"Brahmin - Gurukkal","27":"Brahmin - Iyengar","28":"Brahmin - Iyer","35":"Chettiar","40":"Devandra Kula Vellalar","59":"Gounder","63":"Intercaste","79":"Karuneegar","87":"Kongu Vellala Gounder","93":"Kulalar","103":"Kurumbar","124":"Maruthuvar","127":"Meenavar","133":"Mudaliyar","135":"Devar/Thevar/Mukkulathor","136":"Muthuraja","137":"Nadar","139":"Naicker","140":"Naidu","153":"Parkava Kulam","159":"Pillai","170":"Reddy","176":"SC","177":"Senai Thalaivar","200":"Sourashtra","214":"ST","228":"Vannar","229":"Vannia Kula Kshatriyar","230":"Veera Saivam","232":"Vellalar","236":"Vishwakarma","237":"Vokkaliga","239":"Yadav","308":"Gramani","324":"Kuravan","341":"Senguntha Mudaliyar","342":"Sozhiya Vellalar","350":"Valluvan","355":"Vettuva Gounder","339":"Chattada Sri Vaishnava","673":"Badaga","688":"Pandaram","696":"Urali Gounder","998":"Caste no bar","999":"Others"},"CATEGORY":"1|46"},{"CASTE":{"0":"Don\u0027t wish to specify","2":"Adi Dravida","8":"Arunthathiyar","23":"Boyer","25":"Brahmin - Others","26":"Brahmin - Gurukkal","27":"Brahmin - Iyengar","28":"Brahmin - Iyer","35":"Chettiar","40":"Devandra Kula Vellalar","59":"Gounder","63":"Intercaste","79":"Karuneegar","87":"Kongu Vellala Gounder","93":"Kulalar","103":"Kurumbar","124":"Maruthuvar","127":"Meenavar","133":"Mudaliyar","135":"Devar/Thevar/Mukkulathor","136":"Muthuraja","137":"Nadar","139":"Naicker","140":"Naidu","153":"Parkava Kulam","159":"Pillai","170":"Reddy","176":"SC","177":"Senai Thalaivar","200":"Sourashtra","214":"ST","228":"Vannar","229":"Vannia Kula Kshatriyar","230":"Veera Saivam","232":"Vellalar","236":"Vishwakarma","237":"Vokkaliga","239":"Yadav","308":"Gramani","324":"Kuravan","341":"Senguntha Mudaliyar","342":"Sozhiya Vellalar","350":"Valluvan","355":"Vettuva Gounder","339":"Chattada Sri Vaishnava","673":"Badaga","688":"Pandaram","696":"Urali Gounder","998":"Caste no bar","999":"Others"},"CATEGORY":"1|47"},{"CASTE":{"0":"Don\u0027t wish to specify","4":"Agnikula Kshatriya","9":"Arya Vysya","13":"Balija","17":"Besta","25":"Brahmin - Others","291":"Brahmin - Dravida","275":"Brahmin - Madhwa","292":"Brahmin - Niyogi","278":"Brahmin - Smartha","279":"Brahmin - Sri Vaishnava","285":"Brahmin - Vaidiki","35":"Chettiar","42":"Devanga","52":"Gandla","55":"Gavara","60":"Gowda","63":"Intercaste","70":"Kalinga","74":"Kamma","76":"Kapu","90":"Kshatriya","98":"Kummari","101":"Kuruba","106":"Lingayath","109":"Madiga","112":"Mahendra","116":"Mala","121":"Munnuru Kapu","123":"Maratha","129":"Meru Darji","133":"Mudaliyar","134":"Mudiraj","137":"Nadar","138":"Nai","140":"Naidu","149":"Padmasali","157":"Patnaick/Sistakaranam","162":"Rajaka","165":"Rajput","170":"Reddy","176":"SC","293":"Settibalija","207":"Telaga","214":"ST","215":"Uppara","216":"Vaddera","219":"Vaishnava","222":"Valmiki","225":"Vanjara","231":"Velama","235":"Viswabrahmin","237":"Vokkaliga","239":"Yadav","250":"Goud","294":"Arekatica","298":"Bhatraju","301":"Chippolu (Mera)","314":"Jaalari","315":"Jandra","318":"Kachara","319":"Kalinga Vysya","329":"Naagavamsam","330":"Nagaralu","333":"Neeli","335":"Partraj","336":"Perika","338":"Relli","339":"Chattada Sri Vaishnava","343":"Sugali (Naika)","346":"Togata","348":"Turupu Kapu","354":"Brahmin - Velanadu","356":"Vada Balija","357":"Yellapu","340":"Savji","682":"Srisayana","683":"Poosala","685":"Ayyaraka","687":"Brahmin - Vaikhanasa","692":"Adi Andhra","998":"Caste no bar","999":"Others"},"CATEGORY":"1|48"},{"CASTE":{"0":"Don\u0027t wish to specify","7":"Ambalavasi","25":"Brahmin - Others","28":"Brahmin - Iyer","258":"Brahmin - Namboodiri","259":"Brahmin - Saraswat","35":"Chettiar","44":"Dheevara","49":"Ezhava","50":"Ezhuthachan","63":"Intercaste","90":"Kshatriya","91":"Kudumbi","122":"Mapila","133":"Mudaliyar","137":"Nadar","140":"Naidu","142":"Nair","152":"Panicker","165":"Rajput","175":"Saliya","176":"SC","212":"Thiyya","214":"ST","230":"Veera Saivam","233":"Veluthedathu Nair","234":"Vilakkithala Nair","236":"Vishwakarma","239":"Yadav","311":"Guptan","331":"Nambiar","351":"Variar","353":"Velaan","998":"Caste no bar","999":"Others"},"CATEGORY":"1|31"},{"CASTE":{"0":"Don\u0027t wish to specify","17":"Besta","21":"Bhovi","22":"Billava","25":"Brahmin - Others","28":"Brahmin - Iyer","27":"Brahmin - Iyengar","269":"Brahmin - Daivadnya","270":"Brahmin - Deshastha","271":"Brahmin - Havyaka","272":"Brahmin - Hoysala","273":"Brahmin - Karhade","274":"Brahmin - Kota","275":"Brahmin - Madhwa","276":"Brahmin - Sanketi","259":"Brahmin - Saraswat","277":"Brahmin - Shivhalli","278":"Brahmin - Smartha","279":"Brahmin - Sri Vaishnava","280":"Brahmin - Stanika","35":"Chettiar","38":"Coorgi","39":"Devadiga","42":"Devanga","47":"Dhobi","48":"Ediga","53":"Ganiga","60":"Gowda","63":"intercaste","90":"kshatriya","92":"Kulal","101":"Kuruba","102":"Kuruhina Shetty","105":"Lambadi","106":"Lingayath","119":"Mangalorean","132":"Mogaveera","133":"Mudaliyar","140":"Naidu","141":"Naik","145":"Nayaka","149":"Padmasali","165":"Rajput","170":"Reddy","176":"SC","178":"Bunt (Shetty)","214":"ST","211":"Thigala","215":"Uppara","218":"Vaishnav","236":"Vishwakarma","237":"Vokkaliga","238":"Vysya","239":"Yadav","313":"Hugar (Jeer)","340":"Savji","349":"Urs","334":"Otari","673":"Badaga","693":"Adi Karnataka","998":"Caste no bar","999":"Others"},"CATEGORY":"1|19"},{"CASTE":{"0":"Don\u0027t wish to specify","17":"Besta","21":"Bhovi","22":"Billava","25":"Brahmin - Others","28":"Brahmin - Iyer","27":"Brahmin - Iyengar","269":"Brahmin - Daivadnya","270":"Brahmin - Deshastha","271":"Brahmin - Havyaka","272":"Brahmin - Hoysala","273":"Brahmin - Karhade","274":"Brahmin - Kota","275":"Brahmin - Madhwa","276":"Brahmin - Sanketi","259":"Brahmin - Saraswat","277":"Brahmin - Shivhalli","278":"Brahmin - Smartha","279":"Brahmin - Sri Vaishnava","280":"Brahmin - Stanika","35":"Chettiar","38":"Coorgi","39":"Devadiga","42":"Devanga","47":"Dhobi","48":"Ediga","53":"Ganiga","60":"Gowda","63":"intercaste","90":"kshatriya","92":"Kulal","101":"Kuruba","102":"Kuruhina Shetty","105":"Lambadi","106":"Lingayath","119":"Mangalorean","132":"Mogaveera","133":"Mudaliyar","140":"Naidu","141":"Naik","145":"Nayaka","149":"Padmasali","165":"Rajput","170":"Reddy","176":"SC","178":"Bunt (Shetty)","214":"ST","211":"Thigala","215":"Uppara","218":"Vaishnav","236":"Vishwakarma","237":"Vokkaliga","238":"Vysya","239":"Yadav","313":"Hugar (Jeer)","340":"Savji","349":"Urs","334":"Otari","673":"Badaga","693":"Adi Karnataka","998":"Caste no bar","999":"Others"},"CATEGORY":"1|50"},{"CASTE":{"0":"Don\u0027t wish to specify","3":"Agarwal","19":"Bhatia","20":"Bhavasar Kshatriya","24":"Brahmbatt","25":"Brahmin - Others","260":"Brahmin - Anavil","261":"Brahmin - Audichya","262":"Brahmin - Goswami/Gosavi","263":"Brahmin - Modh","264":"Brahmin - Nagar","265":"Brahmin - Shrimali","266":"Brahmin - Vyas","63":"Intercaste","251":"Kadava Patel","82":"Kayastha","85":"Khatri","90":"Kshatriya","104":"Kutchi","252":"Leva patel","107":"Lohana","130":"Mochi","151":"Panchal","156":"Patel","161":"Prajapati","165":"Rajput","176":"SC","199":"Soni","202":"Suthar","209":"Thakkar","214":"ST","218":"Vaishnav","227":"Vankar","238":"Vysya","239":"Yadav","337":"Brahmin - Pushkarna","310":"Gujjar","675":"Thakore","998":"Caste no bar","999":"Others"},"CATEGORY":"1|21"},{"CASTE":{"0":"Don\u0027t wish to specify","3":"Agarwal","19":"Bhatia","20":"Bhavasar Kshatriya","24":"Brahmbatt","25":"Brahmin - Others","260":"Brahmin - Anavil","261":"Brahmin - Audichya","262":"Brahmin - Goswami/Gosavi","263":"Brahmin - Modh","264":"Brahmin - Nagar","265":"Brahmin - Shrimali","266":"Brahmin - Vyas","63":"Intercaste","251":"Kadava Patel","82":"Kayastha","85":"Khatri","90":"Kshatriya","104":"Kutchi","252":"Leva patel","107":"Lohana","130":"Mochi","151":"Panchal","156":"Patel","161":"Prajapati","165":"Rajput","176":"SC","199":"Soni","202":"Suthar","209":"Thakkar","214":"ST","218":"Vaishnav","227":"Vankar","238":"Vysya","239":"Yadav","337":"Brahmin - Pushkarna","310":"Gujjar","675":"Thakore","998":"Caste no bar","999":"Others"},"CATEGORY":"1|26"},{"CASTE":{"0":"Don\u0027t wish to specify","3":"Agarwal","19":"Bhatia","20":"Bhavasar Kshatriya","24":"Brahmbatt","25":"Brahmin - Others","260":"Brahmin - Anavil","261":"Brahmin - Audichya","262":"Brahmin - Goswami/Gosavi","263":"Brahmin - Modh","264":"Brahmin - Nagar","265":"Brahmin - Shrimali","266":"Brahmin - Vyas","63":"Intercaste","251":"Kadava Patel","82":"Kayastha","85":"Khatri","90":"Kshatriya","104":"Kutchi","252":"Leva patel","107":"Lohana","130":"Mochi","151":"Panchal","156":"Patel","161":"Prajapati","165":"Rajput","176":"SC","199":"Soni","202":"Suthar","209":"Thakkar","214":"ST","218":"Vaishnav","227":"Vankar","238":"Vysya","239":"Yadav","337":"Brahmin - Pushkarna","310":"Gujjar","675":"Thakore","998":"Caste no bar","999":"Others"},"CATEGORY":"1|14"},{"CASTE":{"0":"Don\u0027t wish to specify","5":"Agri","9":"Arya Vysya","18":"Bhandari","20":"Bhavasar kshatriya","25":"Brahmin - Others","269":"Brahmin - Daivadnya","270":"Brahmin - Deshastha","273":"Brahmin - Karhade","283":"Brahmin - Kokanastha","284":"Brahmin - Rigvedi","259":"Brahmin - Saraswat","30":"Chambhar","37":"CKP","41":"Devang Koshthi","43":"Dhangar","47":"Dhobi","51":"Gabit","63":"Intercaste","66":"Jangam","80":"Kasar","82":"Kayastha","86":"Koli","88":"Konkani","90":"Kshatriya","96":"Kumbhar","99":"Kunbi","253":"Leva patil","111":"Mahar","117":"Mali","123":"Maratha","125":"Matang","147":"Nhavi","156":"Patel","165":"Rajput","176":"SC","179":"Shimpi","197":"SKP","198":"Sonar","202":"Suthar","203":"Swakula Sali","208":"Teli","214":"ST","218":"Vaishnav","221":"Vaishya Vani","224":"Vaniya","226":"Vanjari","238":"Vysya","239":"Yadav","295":"Banjara","296":"Barai","297":"Bari","278":"Brahmin - Smartha","304":"Gawali","305":"Ghisadi","306":"Gomantak","307":"Gondhali","309":"Gurav","322":"Kokanastha Maratha","334":"Otari","317":"Jogi (Nath)","340":"Savji","676":"Pathare Prabhu","677":"Lohar","689":"Koli Mahadev","998":"Caste no bar","999":"Others"},"CATEGORY":"1|23"},{"CASTE":{"0":"Don\u0027t wish to specify","5":"Agri","9":"Arya Vysya","18":"Bhandari","20":"Bhavasar kshatriya","25":"Brahmin - Others","269":"Brahmin - Daivadnya","270":"Brahmin - Deshastha","273":"Brahmin - Karhade","283":"Brahmin - Kokanastha","284":"Brahmin - Rigvedi","259":"Brahmin - Saraswat","30":"Chambhar","37":"CKP","41":"Devang Koshthi","43":"Dhangar","47":"Dhobi","51":"Gabit","63":"Intercaste","66":"Jangam","80":"Kasar","82":"Kayastha","86":"Koli","88":"Konkani","90":"Kshatriya","96":"Kumbhar","99":"Kunbi","253":"Leva patil","111":"Mahar","117":"Mali","123":"Maratha","125":"Matang","147":"Nhavi","156":"Patel","165":"Rajput","176":"SC","179":"Shimpi","197":"SKP","198":"Sonar","202":"Suthar","203":"Swakula Sali","208":"Teli","214":"ST","218":"Vaishnav","221":"Vaishya Vani","224":"Vaniya","226":"Vanjari","238":"Vysya","239":"Yadav","295":"Banjara","296":"Barai","297":"Bari","278":"Brahmin - Smartha","304":"Gawali","305":"Ghisadi","306":"Gomantak","307":"Gondhali","309":"Gurav","322":"Kokanastha Maratha","334":"Otari","317":"Jogi (Nath)","340":"Savji","676":"Pathare Prabhu","677":"Lohar","689":"Koli Mahadev","998":"Caste no bar","999":"Others"},"CATEGORY":"1|33"},{"CASTE":{"0":"Don\u0027t wish to specify","3":"Agarwal","10":"Baidya","11":"Baishnab","12":"Baishya","14":"Banik","16":"Barujibi","25":"Brahmin - Others","254":"Brahmin - Barendra","255":"Brahmin - Kulin","256":"Brahmin - Rarhi","257":"Brahmin - Rudraj","57":"Goala","63":"Intercaste","78":"Karmakar","82":"Kayastha","90":"Kshatriya","95":"Kumbhakar","114":"Mahishya","131":"Modak","143":"Namosudra","144":"Napit","165":"Rajput","171":"Sadgope","172":"Saha","176":"SC","204":"Tamboli","206":"Tantubai","213":"Tili","214":"ST","236":"Vishwakarma","325":"Kurmi","998":"Caste no bar","999":"Others"},"CATEGORY":"1|4"},{"CASTE":{"0":"Don\u0027t wish to specify","3":"Agarwal","10":"Baidya","11":"Baishnab","12":"Baishya","14":"Banik","16":"Barujibi","25":"Brahmin - Others","254":"Brahmin - Barendra","255":"Brahmin - Kulin","256":"Brahmin - Rarhi","257":"Brahmin - Rudraj","57":"Goala","63":"Intercaste","78":"Karmakar","82":"Kayastha","90":"Kshatriya","95":"Kumbhakar","114":"Mahishya","131":"Modak","143":"Namosudra","144":"Napit","165":"Rajput","171":"Sadgope","172":"Saha","176":"SC","204":"Tamboli","206":"Tantubai","213":"Tili","214":"ST","236":"Vishwakarma","325":"Kurmi","998":"Caste no bar","999":"Others"},"CATEGORY":"1|38"},{"CASTE":{"0":"Don\u0027t wish to specify","1":"Ad Dharmi","3":"Agarwal","281":"Arora","19":"Bhatia","25":"Brahmin - Others","282":"Brahmin - Mohyal","259":"Brahmin - Saraswat","45":"Dhiman","56":"Ghumar","63":"Intercaste","67":"Jat","73":"Kamboj","82":"Kayastha","85":"Khatri","90":"Kshatriya","108":"Lubana","110":"Mahajan","115":"Majabi","138":"Nai","165":"Rajput","166":"Ramdasia","167":"Ramgariah","168":"Ravidasia","174":"Saini","176":"SC","218":"Vaishnav","223":"Vania","236":"Vishwakarma","347":"Tonk Kshatriya","998":"Caste no bar","999":"Others"},"CATEGORY":"1|41"},{"CASTE":{"0":"Don\u0027t wish to specify","25":"Brahmin - Others","63":"Intercaste","180":"Sindhi","181":"Sindhi-Amil","182":"Sindhi-Baibhand","183":"Sindhi-Bhanusali","184":"Sindhi-Bhatia","185":"Sindhi-Chhapru","186":"Sindhi-Dadu","187":"Sindhi-Hyderabadi","188":"Sindhi-Larai","189":"Sindhi-Larkana","190":"Sindhi-Lohana","191":"Sindhi-Rohiri","192":"Sindhi-Sahiti","193":"Sindhi-Sakkhar","194":"Sindhi-Sehwani","195":"Sindhi-Shikarpuri","196":"Sindhi-Thatai","998":"Caste no bar","999":"Others"},"CATEGORY":"1|45"},{"CASTE":{"0":"Don\u0027t wish to specify","3":"Agarwal","15":"Baniya","25":"Brahmin - Others","267":"Brahmin - Bhatt","240":"Brahmin - Bhumihar","290":"Brahmin - Dhiman","241":"Brahmin - Kanyakubj","242":"Brahmin - Gaur","243":"Brahmin - Maithil","244":"Brahmin - Saryuparin","245":"Brahmin - Garhwali","262":"Brahmin - Goswami/Gosavi","246":"Brahmin - Pandit","247":"Brahmin - Sanadya","268":"Brahmin - Sakaldwipi","259":"Brahmin - Saraswat","248":"Brahmin - Kumoani","249":"Brahmin - Tyagi","29":"Jatav","31":"Chandravanshi Kahar","33":"Chaudary","34":"Chaurasia","36":"Chhetri","47":"Dhobi","54":"Garhwali","58":"Goan","62":"Gupta","63":"Intercaste","65":"Jaiswal","67":"Jat","251":"Kadava Patel","69":"Kalar","72":"Kalwar","73":"Kamboj","81":"Kashyap","82":"Kayastha","84":"Khandelwal","85":"khatri","89":"Kori","90":"Kshatriya","97":"Kumhar","100":"Kurmi Kshatriya","252":"Leva patel","106":"Lingayath","110":"Mahajan","111":"Mahar","113":"Maheshwari","117":"Mali","118":"Mallah","123":"Maratha","126":"Meena","128":"Mehra","138":"Nai","148":"Oswal","150":"Pal","155":"Pasi","156":"Patel","165":"Rajput","169":"Rawat","173":"Sahu","174":"Saini","176":"SC","198":"Sonar","208":"Teli","210":"Thakur","214":"ST","218":"Vaishnav","220":"Vaishya","236":"Vishwakarma","239":"Yadav","299":"Brahmin - Jangid","303":"Dusadh (Paswan)","310":"Gujjar","312":"Gurjar","316":"Jangra - Brahmin","317":"Jogi (Nath)","320":"Katiya","321":"Kharwar","326":"Kushwaha (Koiri)","327":"Lodhi Rajput","328":"Mathur","332":"Brahmin - Narmadiya","352":"Varshney","358":"Raigar","309":"Gurav","680":"Brahmin - Gujar Gaur","684":"Ganda","41":"Devang Koshthi","686":"Rajbhar","690":"Bishnoi/Vishnoi","691":"Kahar","695":"Kalal","998":"Caste no bar","999":"Others"},"CATEGORY":"1|3"},{"CASTE":{"0":"Don\u0027t wish to specify","3":"Agarwal","15":"Baniya","25":"Brahmin - Others","267":"Brahmin - Bhatt","240":"Brahmin - Bhumihar","290":"Brahmin - Dhiman","241":"Brahmin - Kanyakubj","242":"Brahmin - Gaur","243":"Brahmin - Maithil","244":"Brahmin - Saryuparin","245":"Brahmin - Garhwali","262":"Brahmin - Goswami/Gosavi","246":"Brahmin - Pandit","247":"Brahmin - Sanadya","268":"Brahmin - Sakaldwipi","259":"Brahmin - Saraswat","248":"Brahmin - Kumoani","249":"Brahmin - Tyagi","29":"Jatav","31":"Chandravanshi Kahar","33":"Chaudary","34":"Chaurasia","36":"Chhetri","47":"Dhobi","54":"Garhwali","58":"Goan","62":"Gupta","63":"Intercaste","65":"Jaiswal","67":"Jat","251":"Kadava Patel","69":"Kalar","72":"Kalwar","73":"Kamboj","81":"Kashyap","82":"Kayastha","84":"Khandelwal","85":"khatri","89":"Kori","90":"Kshatriya","97":"Kumhar","100":"Kurmi Kshatriya","252":"Leva patel","106":"Lingayath","110":"Mahajan","111":"Mahar","113":"Maheshwari","117":"Mali","118":"Mallah","123":"Maratha","126":"Meena","128":"Mehra","138":"Nai","148":"Oswal","150":"Pal","155":"Pasi","156":"Patel","165":"Rajput","169":"Rawat","173":"Sahu","174":"Saini","176":"SC","198":"Sonar","208":"Teli","210":"Thakur","214":"ST","218":"Vaishnav","220":"Vaishya","236":"Vishwakarma","239":"Yadav","299":"Brahmin - Jangid","303":"Dusadh (Paswan)","310":"Gujjar","312":"Gurjar","316":"Jangra - Brahmin","317":"Jogi (Nath)","320":"Katiya","321":"Kharwar","326":"Kushwaha (Koiri)","327":"Lodhi Rajput","328":"Mathur","332":"Brahmin - Narmadiya","352":"Varshney","358":"Raigar","309":"Gurav","680":"Brahmin - Gujar Gaur","684":"Ganda","41":"Devang Koshthi","686":"Rajbhar","690":"Bishnoi/Vishnoi","691":"Kahar","695":"Kalal","998":"Caste no bar","999":"Others"},"CATEGORY":"1|5"},{"CASTE":{"0":"Don\u0027t wish to specify","3":"Agarwal","15":"Baniya","25":"Brahmin - Others","267":"Brahmin - Bhatt","240":"Brahmin - Bhumihar","290":"Brahmin - Dhiman","241":"Brahmin - Kanyakubj","242":"Brahmin - Gaur","243":"Brahmin - Maithil","244":"Brahmin - Saryuparin","245":"Brahmin - Garhwali","262":"Brahmin - Goswami/Gosavi","246":"Brahmin - Pandit","247":"Brahmin - Sanadya","268":"Brahmin - Sakaldwipi","259":"Brahmin - Saraswat","248":"Brahmin - Kumoani","249":"Brahmin - Tyagi","29":"Jatav","31":"Chandravanshi Kahar","33":"Chaudary","34":"Chaurasia","36":"Chhetri","47":"Dhobi","54":"Garhwali","58":"Goan","62":"Gupta","63":"Intercaste","65":"Jaiswal","67":"Jat","251":"Kadava Patel","69":"Kalar","72":"Kalwar","73":"Kamboj","81":"Kashyap","82":"Kayastha","84":"Khandelwal","85":"khatri","89":"Kori","90":"Kshatriya","97":"Kumhar","100":"Kurmi Kshatriya","252":"Leva patel","106":"Lingayath","110":"Mahajan","111":"Mahar","113":"Maheshwari","117":"Mali","118":"Mallah","123":"Maratha","126":"Meena","128":"Mehra","138":"Nai","148":"Oswal","150":"Pal","155":"Pasi","156":"Patel","165":"Rajput","169":"Rawat","173":"Sahu","174":"Saini","176":"SC","198":"Sonar","208":"Teli","210":"Thakur","214":"ST","218":"Vaishnav","220":"Vaishya","236":"Vishwakarma","239":"Yadav","299":"Brahmin - Jangid","303":"Dusadh (Paswan)","310":"Gujjar","312":"Gurjar","316":"Jangra - Brahmin","317":"Jogi (Nath)","320":"Katiya","321":"Kharwar","326":"Kushwaha (Koiri)","327":"Lodhi Rajput","328":"Mathur","332":"Brahmin - Narmadiya","352":"Varshney","358":"Raigar","309":"Gurav","680":"Brahmin - Gujar Gaur","684":"Ganda","41":"Devang Koshthi","686":"Rajbhar","690":"Bishnoi/Vishnoi","691":"Kahar","695":"Kalal","998":"Caste no bar","999":"Others"},"CATEGORY":"1|6"},{"CASTE":{"0":"Don\u0027t wish to specify","3":"Agarwal","15":"Baniya","25":"Brahmin - Others","267":"Brahmin - Bhatt","240":"Brahmin - Bhumihar","290":"Brahmin - Dhiman","241":"Brahmin - Kanyakubj","242":"Brahmin - Gaur","243":"Brahmin - Maithil","244":"Brahmin - Saryuparin","245":"Brahmin - Garhwali","262":"Brahmin - Goswami/Gosavi","246":"Brahmin - Pandit","247":"Brahmin - Sanadya","268":"Brahmin - Sakaldwipi","259":"Brahmin - Saraswat","248":"Brahmin - Kumoani","249":"Brahmin - Tyagi","29":"Jatav","31":"Chandravanshi Kahar","33":"Chaudary","34":"Chaurasia","36":"Chhetri","47":"Dhobi","54":"Garhwali","58":"Goan","62":"Gupta","63":"Intercaste","65":"Jaiswal","67":"Jat","251":"Kadava Patel","69":"Kalar","72":"Kalwar","73":"Kamboj","81":"Kashyap","82":"Kayastha","84":"Khandelwal","85":"khatri","89":"Kori","90":"Kshatriya","97":"Kumhar","100":"Kurmi Kshatriya","252":"Leva patel","106":"Lingayath","110":"Mahajan","111":"Mahar","113":"Maheshwari","117":"Mali","118":"Mallah","123":"Maratha","126":"Meena","128":"Mehra","138":"Nai","148":"Oswal","150":"Pal","155":"Pasi","156":"Patel","165":"Rajput","169":"Rawat","173":"Sahu","174":"Saini","176":"SC","198":"Sonar","208":"Teli","210":"Thakur","214":"ST","218":"Vaishnav","220":"Vaishya","236":"Vishwakarma","239":"Yadav","299":"Brahmin - Jangid","303":"Dusadh (Paswan)","310":"Gujjar","312":"Gurjar","316":"Jangra - Brahmin","317":"Jogi (Nath)","320":"Katiya","321":"Kharwar","326":"Kushwaha (Koiri)","327":"Lodhi Rajput","328":"Mathur","332":"Brahmin - Narmadiya","352":"Varshney","358":"Raigar","309":"Gurav","680":"Brahmin - Gujar Gaur","684":"Ganda","41":"Devang Koshthi","686":"Rajbhar","690":"Bishnoi/Vishnoi","691":"Kahar","695":"Kalal","998":"Caste no bar","999":"Others"},"CATEGORY":"1|7"},{"CASTE":{"0":"Don\u0027t wish to specify","3":"Agarwal","15":"Baniya","25":"Brahmin - Others","267":"Brahmin - Bhatt","240":"Brahmin - Bhumihar","290":"Brahmin - Dhiman","241":"Brahmin - Kanyakubj","242":"Brahmin - Gaur","243":"Brahmin - Maithil","244":"Brahmin - Saryuparin","245":"Brahmin - Garhwali","262":"Brahmin - Goswami/Gosavi","246":"Brahmin - Pandit","247":"Brahmin - Sanadya","268":"Brahmin - Sakaldwipi","259":"Brahmin - Saraswat","248":"Brahmin - Kumoani","249":"Brahmin - Tyagi","29":"Jatav","31":"Chandravanshi Kahar","33":"Chaudary","34":"Chaurasia","36":"Chhetri","47":"Dhobi","54":"Garhwali","58":"Goan","62":"Gupta","63":"Intercaste","65":"Jaiswal","67":"Jat","251":"Kadava Patel","69":"Kalar","72":"Kalwar","73":"Kamboj","81":"Kashyap","82":"Kayastha","84":"Khandelwal","85":"khatri","89":"Kori","90":"Kshatriya","97":"Kumhar","100":"Kurmi Kshatriya","252":"Leva patel","106":"Lingayath","110":"Mahajan","111":"Mahar","113":"Maheshwari","117":"Mali","118":"Mallah","123":"Maratha","126":"Meena","128":"Mehra","138":"Nai","148":"Oswal","150":"Pal","155":"Pasi","156":"Patel","165":"Rajput","169":"Rawat","173":"Sahu","174":"Saini","176":"SC","198":"Sonar","208":"Teli","210":"Thakur","214":"ST","218":"Vaishnav","220":"Vaishya","236":"Vishwakarma","239":"Yadav","299":"Brahmin - Jangid","303":"Dusadh (Paswan)","310":"Gujjar","312":"Gurjar","316":"Jangra - Brahmin","317":"Jogi (Nath)","320":"Katiya","321":"Kharwar","326":"Kushwaha (Koiri)","327":"Lodhi Rajput","328":"Mathur","332":"Brahmin - Narmadiya","352":"Varshney","358":"Raigar","309":"Gurav","680":"Brahmin - Gujar Gaur","684":"Ganda","41":"Devang Koshthi","686":"Rajbhar","690":"Bishnoi/Vishnoi","691":"Kahar","695":"Kalal","998":"Caste no bar","999":"Others"},"CATEGORY":"1|8"},{"CASTE":{"0":"Don\u0027t wish to specify","3":"Agarwal","15":"Baniya","25":"Brahmin - Others","267":"Brahmin - Bhatt","240":"Brahmin - Bhumihar","290":"Brahmin - Dhiman","241":"Brahmin - Kanyakubj","242":"Brahmin - Gaur","243":"Brahmin - Maithil","244":"Brahmin - Saryuparin","245":"Brahmin - Garhwali","262":"Brahmin - Goswami/Gosavi","246":"Brahmin - Pandit","247":"Brahmin - Sanadya","268":"Brahmin - Sakaldwipi","259":"Brahmin - Saraswat","248":"Brahmin - Kumoani","249":"Brahmin - Tyagi","29":"Jatav","31":"Chandravanshi Kahar","33":"Chaudary","34":"Chaurasia","36":"Chhetri","47":"Dhobi","54":"Garhwali","58":"Goan","62":"Gupta","63":"Intercaste","65":"Jaiswal","67":"Jat","251":"Kadava Patel","69":"Kalar","72":"Kalwar","73":"Kamboj","81":"Kashyap","82":"Kayastha","84":"Khandelwal","85":"khatri","89":"Kori","90":"Kshatriya","97":"Kumhar","100":"Kurmi Kshatriya","252":"Leva patel","106":"Lingayath","110":"Mahajan","111":"Mahar","113":"Maheshwari","117":"Mali","118":"Mallah","123":"Maratha","126":"Meena","128":"Mehra","138":"Nai","148":"Oswal","150":"Pal","155":"Pasi","156":"Patel","165":"Rajput","169":"Rawat","173":"Sahu","174":"Saini","176":"SC","198":"Sonar","208":"Teli","210":"Thakur","214":"ST","218":"Vaishnav","220":"Vaishya","236":"Vishwakarma","239":"Yadav","299":"Brahmin - Jangid","303":"Dusadh (Paswan)","310":"Gujjar","312":"Gurjar","316":"Jangra - Brahmin","317":"Jogi (Nath)","320":"Katiya","321":"Kharwar","326":"Kushwaha (Koiri)","327":"Lodhi Rajput","328":"Mathur","332":"Brahmin - Narmadiya","352":"Varshney","358":"Raigar","309":"Gurav","680":"Brahmin - Gujar Gaur","684":"Ganda","41":"Devang Koshthi","686":"Rajbhar","690":"Bishnoi/Vishnoi","691":"Kahar","695":"Kalal","998":"Caste no bar","999":"Others"},"CATEGORY":"1|9"},{"CASTE":{"0":"Don\u0027t wish to specify","3":"Agarwal","15":"Baniya","25":"Brahmin - Others","267":"Brahmin - Bhatt","240":"Brahmin - Bhumihar","290":"Brahmin - Dhiman","241":"Brahmin - Kanyakubj","242":"Brahmin - Gaur","243":"Brahmin - Maithil","244":"Brahmin - Saryuparin","245":"Brahmin - Garhwali","262":"Brahmin - Goswami/Gosavi","246":"Brahmin - Pandit","247":"Brahmin - Sanadya","268":"Brahmin - Sakaldwipi","259":"Brahmin - Saraswat","248":"Brahmin - Kumoani","249":"Brahmin - Tyagi","29":"Jatav","31":"Chandravanshi Kahar","33":"Chaudary","34":"Chaurasia","36":"Chhetri","47":"Dhobi","54":"Garhwali","58":"Goan","62":"Gupta","63":"Intercaste","65":"Jaiswal","67":"Jat","251":"Kadava Patel","69":"Kalar","72":"Kalwar","73":"Kamboj","81":"Kashyap","82":"Kayastha","84":"Khandelwal","85":"khatri","89":"Kori","90":"Kshatriya","97":"Kumhar","100":"Kurmi Kshatriya","252":"Leva patel","106":"Lingayath","110":"Mahajan","111":"Mahar","113":"Maheshwari","117":"Mali","118":"Mallah","123":"Maratha","126":"Meena","128":"Mehra","138":"Nai","148":"Oswal","150":"Pal","155":"Pasi","156":"Patel","165":"Rajput","169":"Rawat","173":"Sahu","174":"Saini","176":"SC","198":"Sonar","208":"Teli","210":"Thakur","214":"ST","218":"Vaishnav","220":"Vaishya","236":"Vishwakarma","239":"Yadav","299":"Brahmin - Jangid","303":"Dusadh (Paswan)","310":"Gujjar","312":"Gurjar","316":"Jangra - Brahmin","317":"Jogi (Nath)","320":"Katiya","321":"Kharwar","326":"Kushwaha (Koiri)","327":"Lodhi Rajput","328":"Mathur","332":"Brahmin - Narmadiya","352":"Varshney","358":"Raigar","309":"Gurav","680":"Brahmin - Gujar Gaur","684":"Ganda","41":"Devang Koshthi","686":"Rajbhar","690":"Bishnoi/Vishnoi","691":"Kahar","695":"Kalal","998":"Caste no bar","999":"Others"},"CATEGORY":"1|12"},{"CASTE":{"0":"Don\u0027t wish to specify","3":"Agarwal","15":"Baniya","25":"Brahmin - Others","267":"Brahmin - Bhatt","240":"Brahmin - Bhumihar","290":"Brahmin - Dhiman","241":"Brahmin - Kanyakubj","242":"Brahmin - Gaur","243":"Brahmin - Maithil","244":"Brahmin - Saryuparin","245":"Brahmin - Garhwali","262":"Brahmin - Goswami/Gosavi","246":"Brahmin - Pandit","247":"Brahmin - Sanadya","268":"Brahmin - Sakaldwipi","259":"Brahmin - Saraswat","248":"Brahmin - Kumoani","249":"Brahmin - Tyagi","29":"Jatav","31":"Chandravanshi Kahar","33":"Chaudary","34":"Chaurasia","36":"Chhetri","47":"Dhobi","54":"Garhwali","58":"Goan","62":"Gupta","63":"Intercaste","65":"Jaiswal","67":"Jat","251":"Kadava Patel","69":"Kalar","72":"Kalwar","73":"Kamboj","81":"Kashyap","82":"Kayastha","84":"Khandelwal","85":"khatri","89":"Kori","90":"Kshatriya","97":"Kumhar","100":"Kurmi Kshatriya","252":"Leva patel","106":"Lingayath","110":"Mahajan","111":"Mahar","113":"Maheshwari","117":"Mali","118":"Mallah","123":"Maratha","126":"Meena","128":"Mehra","138":"Nai","148":"Oswal","150":"Pal","155":"Pasi","156":"Patel","165":"Rajput","169":"Rawat","173":"Sahu","174":"Saini","176":"SC","198":"Sonar","208":"Teli","210":"Thakur","214":"ST","218":"Vaishnav","220":"Vaishya","236":"Vishwakarma","239":"Yadav","299":"Brahmin - Jangid","303":"Dusadh (Paswan)","310":"Gujjar","312":"Gurjar","316":"Jangra - Brahmin","317":"Jogi (Nath)","320":"Katiya","321":"Kharwar","326":"Kushwaha (Koiri)","327":"Lodhi Rajput","328":"Mathur","332":"Brahmin - Narmadiya","352":"Varshney","358":"Raigar","309":"Gurav","680":"Brahmin - Gujar Gaur","684":"Ganda","41":"Devang Koshthi","686":"Rajbhar","690":"Bishnoi/Vishnoi","691":"Kahar","695":"Kalal","998":"Caste no bar","999":"Others"},"CATEGORY":"1|15"},{"CASTE":{"0":"Don\u0027t wish to specify","3":"Agarwal","15":"Baniya","25":"Brahmin - Others","267":"Brahmin - Bhatt","240":"Brahmin - Bhumihar","290":"Brahmin - Dhiman","241":"Brahmin - Kanyakubj","242":"Brahmin - Gaur","243":"Brahmin - Maithil","244":"Brahmin - Saryuparin","245":"Brahmin - Garhwali","262":"Brahmin - Goswami/Gosavi","246":"Brahmin - Pandit","247":"Brahmin - Sanadya","268":"Brahmin - Sakaldwipi","259":"Brahmin - Saraswat","248":"Brahmin - Kumoani","249":"Brahmin - Tyagi","29":"Jatav","31":"Chandravanshi Kahar","33":"Chaudary","34":"Chaurasia","36":"Chhetri","47":"Dhobi","54":"Garhwali","58":"Goan","62":"Gupta","63":"Intercaste","65":"Jaiswal","67":"Jat","251":"Kadava Patel","69":"Kalar","72":"Kalwar","73":"Kamboj","81":"Kashyap","82":"Kayastha","84":"Khandelwal","85":"khatri","89":"Kori","90":"Kshatriya","97":"Kumhar","100":"Kurmi Kshatriya","252":"Leva patel","106":"Lingayath","110":"Mahajan","111":"Mahar","113":"Maheshwari","117":"Mali","118":"Mallah","123":"Maratha","126":"Meena","128":"Mehra","138":"Nai","148":"Oswal","150":"Pal","155":"Pasi","156":"Patel","165":"Rajput","169":"Rawat","173":"Sahu","174":"Saini","176":"SC","198":"Sonar","208":"Teli","210":"Thakur","214":"ST","218":"Vaishnav","220":"Vaishya","236":"Vishwakarma","239":"Yadav","299":"Brahmin - Jangid","303":"Dusadh (Paswan)","310":"Gujjar","312":"Gurjar","316":"Jangra - Brahmin","317":"Jogi (Nath)","320":"Katiya","321":"Kharwar","326":"Kushwaha (Koiri)","327":"Lodhi Rajput","328":"Mathur","332":"Brahmin - Narmadiya","352":"Varshney","358":"Raigar","309":"Gurav","680":"Brahmin - Gujar Gaur","684":"Ganda","41":"Devang Koshthi","686":"Rajbhar","690":"Bishnoi/Vishnoi","691":"Kahar","695":"Kalal","998":"Caste no bar","999":"Others"},"CATEGORY":"1|16"},{"CASTE":{"0":"Don\u0027t wish to specify","3":"Agarwal","15":"Baniya","25":"Brahmin - Others","267":"Brahmin - Bhatt","240":"Brahmin - Bhumihar","290":"Brahmin - Dhiman","241":"Brahmin - Kanyakubj","242":"Brahmin - Gaur","243":"Brahmin - Maithil","244":"Brahmin - Saryuparin","245":"Brahmin - Garhwali","262":"Brahmin - Goswami/Gosavi","246":"Brahmin - Pandit","247":"Brahmin - Sanadya","268":"Brahmin - Sakaldwipi","259":"Brahmin - Saraswat","248":"Brahmin - Kumoani","249":"Brahmin - Tyagi","29":"Jatav","31":"Chandravanshi Kahar","33":"Chaudary","34":"Chaurasia","36":"Chhetri","47":"Dhobi","54":"Garhwali","58":"Goan","62":"Gupta","63":"Intercaste","65":"Jaiswal","67":"Jat","251":"Kadava Patel","69":"Kalar","72":"Kalwar","73":"Kamboj","81":"Kashyap","82":"Kayastha","84":"Khandelwal","85":"khatri","89":"Kori","90":"Kshatriya","97":"Kumhar","100":"Kurmi Kshatriya","252":"Leva patel","106":"Lingayath","110":"Mahajan","111":"Mahar","113":"Maheshwari","117":"Mali","118":"Mallah","123":"Maratha","126":"Meena","128":"Mehra","138":"Nai","148":"Oswal","150":"Pal","155":"Pasi","156":"Patel","165":"Rajput","169":"Rawat","173":"Sahu","174":"Saini","176":"SC","198":"Sonar","208":"Teli","210":"Thakur","214":"ST","218":"Vaishnav","220":"Vaishya","236":"Vishwakarma","239":"Yadav","299":"Brahmin - Jangid","303":"Dusadh (Paswan)","310":"Gujjar","312":"Gurjar","316":"Jangra - Brahmin","317":"Jogi (Nath)","320":"Katiya","321":"Kharwar","326":"Kushwaha (Koiri)","327":"Lodhi Rajput","328":"Mathur","332":"Brahmin - Narmadiya","352":"Varshney","358":"Raigar","309":"Gurav","680":"Brahmin - Gujar Gaur","684":"Ganda","41":"Devang Koshthi","686":"Rajbhar","690":"Bishnoi/Vishnoi","691":"Kahar","695":"Kalal","998":"Caste no bar","999":"Others"},"CATEGORY":"1|17"},{"CASTE":{"0":"Don\u0027t wish to specify","3":"Agarwal","15":"Baniya","25":"Brahmin - Others","267":"Brahmin - Bhatt","240":"Brahmin - Bhumihar","290":"Brahmin - Dhiman","241":"Brahmin - Kanyakubj","242":"Brahmin - Gaur","243":"Brahmin - Maithil","244":"Brahmin - Saryuparin","245":"Brahmin - Garhwali","262":"Brahmin - Goswami/Gosavi","246":"Brahmin - Pandit","247":"Brahmin - Sanadya","268":"Brahmin - Sakaldwipi","259":"Brahmin - Saraswat","248":"Brahmin - Kumoani","249":"Brahmin - Tyagi","29":"Jatav","31":"Chandravanshi Kahar","33":"Chaudary","34":"Chaurasia","36":"Chhetri","47":"Dhobi","54":"Garhwali","58":"Goan","62":"Gupta","63":"Intercaste","65":"Jaiswal","67":"Jat","251":"Kadava Patel","69":"Kalar","72":"Kalwar","73":"Kamboj","81":"Kashyap","82":"Kayastha","84":"Khandelwal","85":"khatri","89":"Kori","90":"Kshatriya","97":"Kumhar","100":"Kurmi Kshatriya","252":"Leva patel","106":"Lingayath","110":"Mahajan","111":"Mahar","113":"Maheshwari","117":"Mali","118":"Mallah","123":"Maratha","126":"Meena","128":"Mehra","138":"Nai","148":"Oswal","150":"Pal","155":"Pasi","156":"Patel","165":"Rajput","169":"Rawat","173":"Sahu","174":"Saini","176":"SC","198":"Sonar","208":"Teli","210":"Thakur","214":"ST","218":"Vaishnav","220":"Vaishya","236":"Vishwakarma","239":"Yadav","299":"Brahmin - Jangid","303":"Dusadh (Paswan)","310":"Gujjar","312":"Gurjar","316":"Jangra - Brahmin","317":"Jogi (Nath)","320":"Katiya","321":"Kharwar","326":"Kushwaha (Koiri)","327":"Lodhi Rajput","328":"Mathur","332":"Brahmin - Narmadiya","352":"Varshney","358":"Raigar","309":"Gurav","680":"Brahmin - Gujar Gaur","684":"Ganda","41":"Devang Koshthi","686":"Rajbhar","690":"Bishnoi/Vishnoi","691":"Kahar","695":"Kalal","998":"Caste no bar","999":"Others"},"CATEGORY":"1|18"},{"CASTE":{"0":"Don\u0027t wish to specify","3":"Agarwal","15":"Baniya","25":"Brahmin - Others","267":"Brahmin - Bhatt","240":"Brahmin - Bhumihar","290":"Brahmin - Dhiman","241":"Brahmin - Kanyakubj","242":"Brahmin - Gaur","243":"Brahmin - Maithil","244":"Brahmin - Saryuparin","245":"Brahmin - Garhwali","262":"Brahmin - Goswami/Gosavi","246":"Brahmin - Pandit","247":"Brahmin - Sanadya","268":"Brahmin - Sakaldwipi","259":"Brahmin - Saraswat","248":"Brahmin - Kumoani","249":"Brahmin - Tyagi","29":"Jatav","31":"Chandravanshi Kahar","33":"Chaudary","34":"Chaurasia","36":"Chhetri","47":"Dhobi","54":"Garhwali","58":"Goan","62":"Gupta","63":"Intercaste","65":"Jaiswal","67":"Jat","251":"Kadava Patel","69":"Kalar","72":"Kalwar","73":"Kamboj","81":"Kashyap","82":"Kayastha","84":"Khandelwal","85":"khatri","89":"Kori","90":"Kshatriya","97":"Kumhar","100":"Kurmi Kshatriya","252":"Leva patel","106":"Lingayath","110":"Mahajan","111":"Mahar","113":"Maheshwari","117":"Mali","118":"Mallah","123":"Maratha","126":"Meena","128":"Mehra","138":"Nai","148":"Oswal","150":"Pal","155":"Pasi","156":"Patel","165":"Rajput","169":"Rawat","173":"Sahu","174":"Saini","176":"SC","198":"Sonar","208":"Teli","210":"Thakur","214":"ST","218":"Vaishnav","220":"Vaishya","236":"Vishwakarma","239":"Yadav","299":"Brahmin - Jangid","303":"Dusadh (Paswan)","310":"Gujjar","312":"Gurjar","316":"Jangra - Brahmin","317":"Jogi (Nath)","320":"Katiya","321":"Kharwar","326":"Kushwaha (Koiri)","327":"Lodhi Rajput","328":"Mathur","332":"Brahmin - Narmadiya","352":"Varshney","358":"Raigar","309":"Gurav","680":"Brahmin - Gujar Gaur","684":"Ganda","41":"Devang Koshthi","686":"Rajbhar","690":"Bishnoi/Vishnoi","691":"Kahar","695":"Kalal","998":"Caste no bar","999":"Others"},"CATEGORY":"1|20"},{"CASTE":{"0":"Don\u0027t wish to specify","3":"Agarwal","15":"Baniya","25":"Brahmin - Others","267":"Brahmin - Bhatt","240":"Brahmin - Bhumihar","290":"Brahmin - Dhiman","241":"Brahmin - Kanyakubj","242":"Brahmin - Gaur","243":"Brahmin - Maithil","244":"Brahmin - Saryuparin","245":"Brahmin - Garhwali","262":"Brahmin - Goswami/Gosavi","246":"Brahmin - Pandit","247":"Brahmin - Sanadya","268":"Brahmin - Sakaldwipi","259":"Brahmin - Saraswat","248":"Brahmin - Kumoani","249":"Brahmin - Tyagi","29":"Jatav","31":"Chandravanshi Kahar","33":"Chaudary","34":"Chaurasia","36":"Chhetri","47":"Dhobi","54":"Garhwali","58":"Goan","62":"Gupta","63":"Intercaste","65":"Jaiswal","67":"Jat","251":"Kadava Patel","69":"Kalar","72":"Kalwar","73":"Kamboj","81":"Kashyap","82":"Kayastha","84":"Khandelwal","85":"khatri","89":"Kori","90":"Kshatriya","97":"Kumhar","100":"Kurmi Kshatriya","252":"Leva patel","106":"Lingayath","110":"Mahajan","111":"Mahar","113":"Maheshwari","117":"Mali","118":"Mallah","123":"Maratha","126":"Meena","128":"Mehra","138":"Nai","148":"Oswal","150":"Pal","155":"Pasi","156":"Patel","165":"Rajput","169":"Rawat","173":"Sahu","174":"Saini","176":"SC","198":"Sonar","208":"Teli","210":"Thakur","214":"ST","218":"Vaishnav","220":"Vaishya","236":"Vishwakarma","239":"Yadav","299":"Brahmin - Jangid","303":"Dusadh (Paswan)","310":"Gujjar","312":"Gurjar","316":"Jangra - Brahmin","317":"Jogi (Nath)","320":"Katiya","321":"Kharwar","326":"Kushwaha (Koiri)","327":"Lodhi Rajput","328":"Mathur","332":"Brahmin - Narmadiya","352":"Varshney","358":"Raigar","309":"Gurav","680":"Brahmin - Gujar Gaur","684":"Ganda","41":"Devang Koshthi","686":"Rajbhar","690":"Bishnoi/Vishnoi","691":"Kahar","695":"Kalal","998":"Caste no bar","999":"Others"},"CATEGORY":"1|25"},{"CASTE":{"0":"Don\u0027t wish to specify","3":"Agarwal","15":"Baniya","25":"Brahmin - Others","267":"Brahmin - Bhatt","240":"Brahmin - Bhumihar","290":"Brahmin - Dhiman","241":"Brahmin - Kanyakubj","242":"Brahmin - Gaur","243":"Brahmin - Maithil","244":"Brahmin - Saryuparin","245":"Brahmin - Garhwali","262":"Brahmin - Goswami/Gosavi","246":"Brahmin - Pandit","247":"Brahmin - Sanadya","268":"Brahmin - Sakaldwipi","259":"Brahmin - Saraswat","248":"Brahmin - Kumoani","249":"Brahmin - Tyagi","29":"Jatav","31":"Chandravanshi Kahar","33":"Chaudary","34":"Chaurasia","36":"Chhetri","47":"Dhobi","54":"Garhwali","58":"Goan","62":"Gupta","63":"Intercaste","65":"Jaiswal","67":"Jat","251":"Kadava Patel","69":"Kalar","72":"Kalwar","73":"Kamboj","81":"Kashyap","82":"Kayastha","84":"Khandelwal","85":"khatri","89":"Kori","90":"Kshatriya","97":"Kumhar","100":"Kurmi Kshatriya","252":"Leva patel","106":"Lingayath","110":"Mahajan","111":"Mahar","113":"Maheshwari","117":"Mali","118":"Mallah","123":"Maratha","126":"Meena","128":"Mehra","138":"Nai","148":"Oswal","150":"Pal","155":"Pasi","156":"Patel","165":"Rajput","169":"Rawat","173":"Sahu","174":"Saini","176":"SC","198":"Sonar","208":"Teli","210":"Thakur","214":"ST","218":"Vaishnav","220":"Vaishya","236":"Vishwakarma","239":"Yadav","299":"Brahmin - Jangid","303":"Dusadh (Paswan)","310":"Gujjar","312":"Gurjar","316":"Jangra - Brahmin","317":"Jogi (Nath)","320":"Katiya","321":"Kharwar","326":"Kushwaha (Koiri)","327":"Lodhi Rajput","328":"Mathur","332":"Brahmin - Narmadiya","352":"Varshney","358":"Raigar","309":"Gurav","680":"Brahmin - Gujar Gaur","684":"Ganda","41":"Devang Koshthi","686":"Rajbhar","690":"Bishnoi/Vishnoi","691":"Kahar","695":"Kalal","998":"Caste no bar","999":"Others"},"CATEGORY":"1|28"},{"CASTE":{"0":"Don\u0027t wish to specify","3":"Agarwal","15":"Baniya","25":"Brahmin - Others","267":"Brahmin - Bhatt","240":"Brahmin - Bhumihar","290":"Brahmin - Dhiman","241":"Brahmin - Kanyakubj","242":"Brahmin - Gaur","243":"Brahmin - Maithil","244":"Brahmin - Saryuparin","245":"Brahmin - Garhwali","262":"Brahmin - Goswami/Gosavi","246":"Brahmin - Pandit","247":"Brahmin - Sanadya","268":"Brahmin - Sakaldwipi","259":"Brahmin - Saraswat","248":"Brahmin - Kumoani","249":"Brahmin - Tyagi","29":"Jatav","31":"Chandravanshi Kahar","33":"Chaudary","34":"Chaurasia","36":"Chhetri","47":"Dhobi","54":"Garhwali","58":"Goan","62":"Gupta","63":"Intercaste","65":"Jaiswal","67":"Jat","251":"Kadava Patel","69":"Kalar","72":"Kalwar","73":"Kamboj","81":"Kashyap","82":"Kayastha","84":"Khandelwal","85":"khatri","89":"Kori","90":"Kshatriya","97":"Kumhar","100":"Kurmi Kshatriya","252":"Leva patel","106":"Lingayath","110":"Mahajan","111":"Mahar","113":"Maheshwari","117":"Mali","118":"Mallah","123":"Maratha","126":"Meena","128":"Mehra","138":"Nai","148":"Oswal","150":"Pal","155":"Pasi","156":"Patel","165":"Rajput","169":"Rawat","173":"Sahu","174":"Saini","176":"SC","198":"Sonar","208":"Teli","210":"Thakur","214":"ST","218":"Vaishnav","220":"Vaishya","236":"Vishwakarma","239":"Yadav","299":"Brahmin - Jangid","303":"Dusadh (Paswan)","310":"Gujjar","312":"Gurjar","316":"Jangra - Brahmin","317":"Jogi (Nath)","320":"Katiya","321":"Kharwar","326":"Kushwaha (Koiri)","327":"Lodhi Rajput","328":"Mathur","332":"Brahmin - Narmadiya","352":"Varshney","358":"Raigar","309":"Gurav","680":"Brahmin - Gujar Gaur","684":"Ganda","41":"Devang Koshthi","686":"Rajbhar","690":"Bishnoi/Vishnoi","691":"Kahar","695":"Kalal","998":"Caste no bar","999":"Others"},"CATEGORY":"1|29"},{"CASTE":{"0":"Don\u0027t wish to specify","3":"Agarwal","15":"Baniya","25":"Brahmin - Others","267":"Brahmin - Bhatt","240":"Brahmin - Bhumihar","290":"Brahmin - Dhiman","241":"Brahmin - Kanyakubj","242":"Brahmin - Gaur","243":"Brahmin - Maithil","244":"Brahmin - Saryuparin","245":"Brahmin - Garhwali","262":"Brahmin - Goswami/Gosavi","246":"Brahmin - Pandit","247":"Brahmin - Sanadya","268":"Brahmin - Sakaldwipi","259":"Brahmin - Saraswat","248":"Brahmin - Kumoani","249":"Brahmin - Tyagi","29":"Jatav","31":"Chandravanshi Kahar","33":"Chaudary","34":"Chaurasia","36":"Chhetri","47":"Dhobi","54":"Garhwali","58":"Goan","62":"Gupta","63":"Intercaste","65":"Jaiswal","67":"Jat","251":"Kadava Patel","69":"Kalar","72":"Kalwar","73":"Kamboj","81":"Kashyap","82":"Kayastha","84":"Khandelwal","85":"khatri","89":"Kori","90":"Kshatriya","97":"Kumhar","100":"Kurmi Kshatriya","252":"Leva patel","106":"Lingayath","110":"Mahajan","111":"Mahar","113":"Maheshwari","117":"Mali","118":"Mallah","123":"Maratha","126":"Meena","128":"Mehra","138":"Nai","148":"Oswal","150":"Pal","155":"Pasi","156":"Patel","165":"Rajput","169":"Rawat","173":"Sahu","174":"Saini","176":"SC","198":"Sonar","208":"Teli","210":"Thakur","214":"ST","218":"Vaishnav","220":"Vaishya","236":"Vishwakarma","239":"Yadav","299":"Brahmin - Jangid","303":"Dusadh (Paswan)","310":"Gujjar","312":"Gurjar","316":"Jangra - Brahmin","317":"Jogi (Nath)","320":"Katiya","321":"Kharwar","326":"Kushwaha (Koiri)","327":"Lodhi Rajput","328":"Mathur","332":"Brahmin - Narmadiya","352":"Varshney","358":"Raigar","309":"Gurav","680":"Brahmin - Gujar Gaur","684":"Ganda","41":"Devang Koshthi","686":"Rajbhar","690":"Bishnoi/Vishnoi","691":"Kahar","695":"Kalal","998":"Caste no bar","999":"Others"},"CATEGORY":"1|30"},{"CASTE":{"0":"Don\u0027t wish to specify","3":"Agarwal","15":"Baniya","25":"Brahmin - Others","267":"Brahmin - Bhatt","240":"Brahmin - Bhumihar","290":"Brahmin - Dhiman","241":"Brahmin - Kanyakubj","242":"Brahmin - Gaur","243":"Brahmin - Maithil","244":"Brahmin - Saryuparin","245":"Brahmin - Garhwali","262":"Brahmin - Goswami/Gosavi","246":"Brahmin - Pandit","247":"Brahmin - Sanadya","268":"Brahmin - Sakaldwipi","259":"Brahmin - Saraswat","248":"Brahmin - Kumoani","249":"Brahmin - Tyagi","29":"Jatav","31":"Chandravanshi Kahar","33":"Chaudary","34":"Chaurasia","36":"Chhetri","47":"Dhobi","54":"Garhwali","58":"Goan","62":"Gupta","63":"Intercaste","65":"Jaiswal","67":"Jat","251":"Kadava Patel","69":"Kalar","72":"Kalwar","73":"Kamboj","81":"Kashyap","82":"Kayastha","84":"Khandelwal","85":"khatri","89":"Kori","90":"Kshatriya","97":"Kumhar","100":"Kurmi Kshatriya","252":"Leva patel","106":"Lingayath","110":"Mahajan","111":"Mahar","113":"Maheshwari","117":"Mali","118":"Mallah","123":"Maratha","126":"Meena","128":"Mehra","138":"Nai","148":"Oswal","150":"Pal","155":"Pasi","156":"Patel","165":"Rajput","169":"Rawat","173":"Sahu","174":"Saini","176":"SC","198":"Sonar","208":"Teli","210":"Thakur","214":"ST","218":"Vaishnav","220":"Vaishya","236":"Vishwakarma","239":"Yadav","299":"Brahmin - Jangid","303":"Dusadh (Paswan)","310":"Gujjar","312":"Gurjar","316":"Jangra - Brahmin","317":"Jogi (Nath)","320":"Katiya","321":"Kharwar","326":"Kushwaha (Koiri)","327":"Lodhi Rajput","328":"Mathur","332":"Brahmin - Narmadiya","352":"Varshney","358":"Raigar","309":"Gurav","680":"Brahmin - Gujar Gaur","684":"Ganda","41":"Devang Koshthi","686":"Rajbhar","690":"Bishnoi/Vishnoi","691":"Kahar","695":"Kalal","998":"Caste no bar","999":"Others"},"CATEGORY":"1|39"},{"CASTE":{"0":"Don\u0027t wish to specify","3":"Agarwal","15":"Baniya","25":"Brahmin - Others","267":"Brahmin - Bhatt","240":"Brahmin - Bhumihar","290":"Brahmin - Dhiman","241":"Brahmin - Kanyakubj","242":"Brahmin - Gaur","243":"Brahmin - Maithil","244":"Brahmin - Saryuparin","245":"Brahmin - Garhwali","262":"Brahmin - Goswami/Gosavi","246":"Brahmin - Pandit","247":"Brahmin - Sanadya","268":"Brahmin - Sakaldwipi","259":"Brahmin - Saraswat","248":"Brahmin - Kumoani","249":"Brahmin - Tyagi","29":"Jatav","31":"Chandravanshi Kahar","33":"Chaudary","34":"Chaurasia","36":"Chhetri","47":"Dhobi","54":"Garhwali","58":"Goan","62":"Gupta","63":"Intercaste","65":"Jaiswal","67":"Jat","251":"Kadava Patel","69":"Kalar","72":"Kalwar","73":"Kamboj","81":"Kashyap","82":"Kayastha","84":"Khandelwal","85":"khatri","89":"Kori","90":"Kshatriya","97":"Kumhar","100":"Kurmi Kshatriya","252":"Leva patel","106":"Lingayath","110":"Mahajan","111":"Mahar","113":"Maheshwari","117":"Mali","118":"Mallah","123":"Maratha","126":"Meena","128":"Mehra","138":"Nai","148":"Oswal","150":"Pal","155":"Pasi","156":"Patel","165":"Rajput","169":"Rawat","173":"Sahu","174":"Saini","176":"SC","198":"Sonar","208":"Teli","210":"Thakur","214":"ST","218":"Vaishnav","220":"Vaishya","236":"Vishwakarma","239":"Yadav","299":"Brahmin - Jangid","303":"Dusadh (Paswan)","310":"Gujjar","312":"Gurjar","316":"Jangra - Brahmin","317":"Jogi (Nath)","320":"Katiya","321":"Kharwar","326":"Kushwaha (Koiri)","327":"Lodhi Rajput","328":"Mathur","332":"Brahmin - Narmadiya","352":"Varshney","358":"Raigar","309":"Gurav","680":"Brahmin - Gujar Gaur","684":"Ganda","41":"Devang Koshthi","686":"Rajbhar","690":"Bishnoi/Vishnoi","691":"Kahar","695":"Kalal","998":"Caste no bar","999":"Others"},"CATEGORY":"1|43"},{"CASTE":{"0":"Don\u0027t wish to specify","18":"Bhandari","25":"Brahmin - Others","286":"Brahmin - Danua","287":"Brahmin - Halua","288":"Brahmin - Jhadua","289":"Brahmin - Panda","32":"Chasa","46":"Dhoba","61":"Gudia","63":"Intercaste","68":"Kaibarta","75":"Kansari","77":"Karana","82":"Kayastha","83":"Khandayat","85":"Khatri","90":"Kshatriya","94":"Kulita","97":"Kumhar","117":"Mali","123":"Maratha","156":"Patel","158":"Patra","165":"Rajput","173":"Sahu","176":"SC","201":"Sundhi","205":"Tanti","208":"Teli","214":"ST","218":"Vaishnav","220":"Vaishya","236":"Vishwakarma","239":"Yadav","302":"Dumal","314":"Jaalari","318":"Kachara","325":"Kurmi","344":"Sunari","998":"Caste no bar","999":"Others"},"CATEGORY":"1|24"},{"CASTE":{"0":"Don\u0027t wish to specify","18":"Bhandari","25":"Brahmin - Others","286":"Brahmin - Danua","287":"Brahmin - Halua","288":"Brahmin - Jhadua","289":"Brahmin - Panda","32":"Chasa","46":"Dhoba","61":"Gudia","63":"Intercaste","68":"Kaibarta","75":"Kansari","77":"Karana","82":"Kayastha","83":"Khandayat","85":"Khatri","90":"Kshatriya","94":"Kulita","97":"Kumhar","117":"Mali","123":"Maratha","156":"Patel","158":"Patra","165":"Rajput","173":"Sahu","176":"SC","201":"Sundhi","205":"Tanti","208":"Teli","214":"ST","218":"Vaishnav","220":"Vaishya","236":"Vishwakarma","239":"Yadav","302":"Dumal","314":"Jaalari","318":"Kachara","325":"Kurmi","344":"Sunari","998":"Caste no bar","999":"Others"},"CATEGORY":"1|40"},{"CASTE":{"0":"Don\u0027t wish to specify","18":"Bhandari","25":"Brahmin - Others","286":"Brahmin - Danua","287":"Brahmin - Halua","288":"Brahmin - Jhadua","289":"Brahmin - Panda","32":"Chasa","46":"Dhoba","61":"Gudia","63":"Intercaste","68":"Kaibarta","75":"Kansari","77":"Karana","82":"Kayastha","83":"Khandayat","85":"Khatri","90":"Kshatriya","94":"Kulita","97":"Kumhar","117":"Mali","123":"Maratha","156":"Patel","158":"Patra","165":"Rajput","173":"Sahu","176":"SC","201":"Sundhi","205":"Tanti","208":"Teli","214":"ST","218":"Vaishnav","220":"Vaishya","236":"Vishwakarma","239":"Yadav","302":"Dumal","314":"Jaalari","318":"Kachara","325":"Kurmi","344":"Sunari","998":"Caste no bar","999":"Others"},"CATEGORY":"1|44"},{"CASTE":{"0":"Don\u0027t wish to specify","6":"Ahom","25":"Brahmin - Others","63":"Intercaste","71":"Kalita","82":"Kayastha","90":"Kshatriya","120":"Manipuri","123":"Maratha","146":"Nepali","164":"Rajbonshi","165":"Rajput","176":"SC","214":"ST","236":"Vishwakarma","998":"Caste no bar","999":"Others"},"CATEGORY":"1|1"},{"CASTE":{"0":"Don\u0027t wish to specify","6":"Ahom","25":"Brahmin - Others","63":"Intercaste","71":"Kalita","82":"Kayastha","90":"Kshatriya","120":"Manipuri","123":"Maratha","146":"Nepali","164":"Rajbonshi","165":"Rajput","176":"SC","214":"ST","236":"Vishwakarma","998":"Caste no bar","999":"Others"},"CATEGORY":"1|2"},{"CASTE":{"0":"Don\u0027t wish to specify","6":"Ahom","25":"Brahmin - Others","63":"Intercaste","71":"Kalita","82":"Kayastha","90":"Kshatriya","120":"Manipuri","123":"Maratha","146":"Nepali","164":"Rajbonshi","165":"Rajput","176":"SC","214":"ST","236":"Vishwakarma","998":"Caste no bar","999":"Others"},"CATEGORY":"1|13"},{"CASTE":{"0":"Don\u0027t wish to specify","6":"Ahom","25":"Brahmin - Others","63":"Intercaste","71":"Kalita","82":"Kayastha","90":"Kshatriya","120":"Manipuri","123":"Maratha","146":"Nepali","164":"Rajbonshi","165":"Rajput","176":"SC","214":"ST","236":"Vishwakarma","998":"Caste no bar","999":"Others"},"CATEGORY":"1|22"},{"CASTE":{"0":"Don\u0027t wish to specify","6":"Ahom","25":"Brahmin - Others","63":"Intercaste","71":"Kalita","82":"Kayastha","90":"Kshatriya","120":"Manipuri","123":"Maratha","146":"Nepali","164":"Rajbonshi","165":"Rajput","176":"SC","214":"ST","236":"Vishwakarma","998":"Caste no bar","999":"Others"},"CATEGORY":"1|27"},{"CASTE":{"0":"Don\u0027t wish to specify","6":"Ahom","25":"Brahmin - Others","63":"Intercaste","71":"Kalita","82":"Kayastha","90":"Kshatriya","120":"Manipuri","123":"Maratha","146":"Nepali","164":"Rajbonshi","165":"Rajput","176":"SC","214":"ST","236":"Vishwakarma","998":"Caste no bar","999":"Others"},"CATEGORY":"1|32"},{"CASTE":{"0":"Don\u0027t wish to specify","6":"Ahom","25":"Brahmin - Others","63":"Intercaste","71":"Kalita","82":"Kayastha","90":"Kshatriya","120":"Manipuri","123":"Maratha","146":"Nepali","164":"Rajbonshi","165":"Rajput","176":"SC","214":"ST","236":"Vishwakarma","998":"Caste no bar","999":"Others"},"CATEGORY":"1|35"},{"CASTE":{"0":"Don\u0027t wish to specify","6":"Ahom","25":"Brahmin - Others","63":"Intercaste","71":"Kalita","82":"Kayastha","90":"Kshatriya","120":"Manipuri","123":"Maratha","146":"Nepali","164":"Rajbonshi","165":"Rajput","176":"SC","214":"ST","236":"Vishwakarma","998":"Caste no bar","999":"Others"},"CATEGORY":"1|36"},{"CASTE":{"0":"Don\u0027t wish to specify","6":"Ahom","25":"Brahmin - Others","63":"Intercaste","71":"Kalita","82":"Kayastha","90":"Kshatriya","120":"Manipuri","123":"Maratha","146":"Nepali","164":"Rajbonshi","165":"Rajput","176":"SC","214":"ST","236":"Vishwakarma","998":"Caste no bar","999":"Others"},"CATEGORY":"1|37"},{"CASTE":{"0":"Don\u0027t wish to specify","6":"Ahom","25":"Brahmin - Others","63":"Intercaste","71":"Kalita","82":"Kayastha","90":"Kshatriya","120":"Manipuri","123":"Maratha","146":"Nepali","164":"Rajbonshi","165":"Rajput","176":"SC","214":"ST","236":"Vishwakarma","998":"Caste no bar","999":"Others"},"CATEGORY":"1|49"},{"CASTE":{"0":"Don\u0027t wish to specify","3":"Agarwal","25":"Brahmin - Others","63":"Intercaste","67":"Jat","82":"Kayastha","84":"Khandelwal","85":"Khatri","90":"Kshatriya","106":"Lingayath","113":"Maheshwari","117":"Mali","148":"Oswal","160":"Porwal","163":"Rajastani","165":"Rajput","176":"SC","214":"ST","217":"Vaish","220":"Vaishya","223":"Vania","236":"Vishwakarma","323":"Kumawat","681":"Brahmin - Sikhwal","690":"Bishnoi/Vishnoi","694":"Brahmin - Paliwal","695":"Kalal","998":"Caste no bar","999":"Others"},"CATEGORY":"1|34"},{"CASTE":{"0":"Don\u0027t wish to specify","3":"Agarwal","25":"Brahmin - Others","63":"Intercaste","67":"Jat","82":"Kayastha","84":"Khandelwal","85":"Khatri","90":"Kshatriya","106":"Lingayath","113":"Maheshwari","117":"Mali","148":"Oswal","160":"Porwal","163":"Rajastani","165":"Rajput","176":"SC","214":"ST","217":"Vaish","220":"Vaishya","223":"Vania","236":"Vishwakarma","323":"Kumawat","681":"Brahmin - Sikhwal","690":"Bishnoi/Vishnoi","694":"Brahmin - Paliwal","695":"Kalal","998":"Caste no bar","999":"Others"},"CATEGORY":"1|42"},{"CASTE":{"0":"Don\u0027t wish to specify","1":"Ad Dharmi","2":"Adi Dravida","3":"Agarwal","4":"Agnikula Kshatriya","5":"Agri","6":"Ahom","7":"Ambalavasi","281":"Arora","8":"Arunthathiyar","9":"Arya Vysya","10":"Baidya","11":"Baishnab","12":"Baishya","13":"Balija","14":"Banik","15":"Baniya","16":"Barujibi","17":"Besta","18":"Bhandari","19":"Bhatia","20":"Bhavasar Kshatriya","21":"Bhovi","22":"Billava","23":"Boyer","24":"Brahmbatt","25":"Brahmin - Others","260":"Brahmin - Anavil","261":"Brahmin - Audichya","254":"Brahmin - Barendra","267":"Brahmin - Bhatt","286":"Brahmin - Danua","269":"Brahmin - Daivadnya","270":"Brahmin - Deshastha","290":"Brahmin - Dhiman","291":"Brahmin - Dravida","262":"Brahmin - Goswami/Gosavi","26":"Brahmin - Gurukkal","287":"Brahmin - Halua","271":"Brahmin - Havyaka","272":"Brahmin - Hoysala","27":"Brahmin - Iyengar","28":"Brahmin - Iyer","288":"Brahmin - Jhadua","240":"Brahmin - Bhumihar","273":"Brahmin - Karhade","274":"Brahmin - Kota","283":"Brahmin - Kokanastha","255":"Brahmin - Kulin","241":"Brahmin - Kanyakubj","242":"Brahmin - Gaur","243":"Brahmin - Maithil","275":"Brahmin - Madhwa","263":"Brahmin - Modh","282":"Brahmin - Mohyal","258":"Brahmin - Namboodiri","264":"Brahmin - Nagar","292":"Brahmin - Niyogi","244":"Brahmin - Saryuparin","245":"Brahmin - Garhwali","289":"Brahmin - Panda","256":"Brahmin - Rarhi","257":"Brahmin - Rudraj","284":"Brahmin - Rigvedi","246":"Brahmin - Pandit","247":"Brahmin - Sanadya","268":"Brahmin - Sakaldwipi","276":"Brahmin - Sanketi","259":"Brahmin - Saraswat","278":"Brahmin - Smartha","279":"Brahmin - Sri Vaishnava","280":"Brahmin - Stanika","277":"Brahmin - Shivhalli","265":"Brahmin - Shrimali","285":"Brahmin - Vaidiki","266":"Brahmin - Vyas","248":"Brahmin - Kumoani","249":"Brahmin - Tyagi","29":"Jatav","30":"Chambhar","31":"Chandravanshi Kahar","32":"Chasa","33":"Chaudary","34":"Chaurasia","35":"Chettiar","36":"Chhetri","37":"CKP","38":"Coorgi","39":"Devadiga","40":"Devandra Kula Vellalar","41":"Devang Koshthi","42":"Devanga","43":"Dhangar","44":"Dheevara","45":"Dhiman","46":"Dhoba","47":"Dhobi","48":"Ediga","49":"Ezhava","50":"Ezhuthachan","51":"Gabit","52":"Gandla","53":"Ganiga","54":"Garhwali","55":"Gavara","56":"Ghumar","57":"Goala","58":"Goan","250":"Goud","59":"Gounder","60":"Gowda","61":"Gudia","62":"Gupta","63":"Intercaste","64":"Irani","65":"Jaiswal","66":"Jangam","67":"Jat","251":"Kadava Patel","68":"Kaibarta","69":"Kalar","70":"Kalinga","71":"Kalita","72":"Kalwar","73":"Kamboj","74":"Kamma","75":"Kansari","76":"Kapu","77":"Karana","78":"Karmakar","79":"Karuneegar","80":"Kasar","81":"Kashyap","82":"Kayastha","83":"Khandayat","84":"Khandelwal","85":"Khatri","86":"Koli","87":"Kongu Vellala Gounder","88":"Konkani","89":"Kori","90":"Kshatriya","91":"Kudumbi","92":"Kulal","93":"Kulalar","94":"Kulita","95":"Kumbhakar","96":"Kumbhar","97":"Kumhar","98":"Kummari","99":"Kunbi","100":"Kurmi Kshatriya","101":"Kuruba","102":"Kuruhina Shetty","103":"Kurumbar","104":"Kutchi","105":"Lambadi","252":"Leva patel","253":"Leva patil","106":"Lingayath","107":"Lohana","108":"Lubana","109":"Madiga","110":"Mahajan","111":"Mahar","112":"Mahendra","113":"Maheshwari","114":"Mahishya","115":"Majabi","116":"Mala","117":"Mali","118":"Mallah","119":"Mangalorean","120":"Manipuri","121":"Munnuru Kapu","122":"Mapila","123":"Maratha","124":"Maruthuvar","125":"Matang","126":"Meena","127":"Meenavar","128":"Mehra","129":"Meru Darji","130":"Mochi","131":"Modak","132":"Mogaveera","133":"Mudaliyar","134":"Mudiraj","135":"Devar/Thevar/Mukkulathor","136":"Muthuraja","137":"Nadar","138":"Nai","139":"Naicker","140":"Naidu","141":"Naik","142":"Nair","143":"Namosudra","144":"Napit","145":"Nayaka","146":"Nepali","147":"Nhavi","148":"Oswal","149":"Padmasali","150":"Pal","151":"Panchal","152":"Panicker","153":"Parkava Kulam","154":"Parsi","155":"Pasi","156":"Patel","157":"Patnaick/Sistakaranam","158":"Patra","159":"Pillai","160":"Porwal","161":"Prajapati","162":"Rajaka","163":"Rajastani","164":"Rajbonshi","165":"Rajput","166":"Ramdasia","167":"Ramgariah","168":"Ravidasia","169":"Rawat","170":"Reddy","171":"Sadgope","172":"Saha","173":"Sahu","174":"Saini","175":"Saliya","176":"SC","177":"Senai Thalaivar","293":"Settibalija","178":"Bunt (Shetty)","179":"Shimpi","180":"Sindhi","181":"Sindhi-Amil","182":"Sindhi-Baibhand","183":"Sindhi-Bhanusali","184":"Sindhi-Bhatia","185":"Sindhi-Chhapru","186":"Sindhi-Dadu","187":"Sindhi-Hyderabadi","188":"Sindhi-Larai","189":"Sindhi-Larkana","190":"Sindhi-Lohana","191":"Sindhi-Rohiri","192":"Sindhi-Sahiti","193":"Sindhi-Sakkhar","194":"Sindhi-Sehwani","195":"Sindhi-Shikarpuri","196":"Sindhi-Thatai","197":"SKP","198":"Sonar","199":"Soni","200":"Sourashtra","201":"Sundhi","202":"Suthar","203":"Swakula Sali","204":"Tamboli","205":"Tanti","206":"Tantubai","207":"Telaga","208":"Teli","209":"Thakkar","210":"Thakur","211":"Thigala","212":"Thiyya","213":"Tili","214":"ST","215":"Uppara","216":"Vaddera","217":"Vaish","218":"Vaishnav","219":"Vaishnava","220":"Vaishya","221":"Vaishya Vani","222":"Valmiki","223":"Vania","224":"Vaniya","225":"Vanjara","226":"Vanjari","227":"Vankar","228":"Vannar","229":"Vannia Kula Kshatriyar","230":"Veera Saivam","231":"Velama","232":"Vellalar","233":"Veluthedathu Nair","234":"Vilakkithala Nair","235":"Viswabrahmin","236":"Vishwakarma","237":"Vokkaliga","238":"Vysya","239":"Yadav","294":"Arekatica","295":"Banjara","296":"Barai","297":"Bari","298":"Bhatraju","299":"Brahmin - Jangid","301":"Chippolu (Mera)","302":"Dumal","303":"Dusadh (Paswan)","304":"Gawali","305":"Ghisadi","306":"Gomantak","307":"Gondhali","308":"Gramani","309":"Gurav","310":"Gujjar","311":"Guptan","312":"Gurjar","313":"Hugar (Jeer)","314":"Jaalari","315":"Jandra","316":"Jangra - Brahmin","317":"Jogi (Nath)","318":"Kachara","319":"Kalinga Vysya","320":"Katiya","321":"Kharwar","322":"Kokanastha Maratha","323":"Kumawat","324":"Kuravan","325":"Kurmi","326":"Kushwaha (Koiri)","327":"Lodhi Rajput","328":"Mathur","329":"Naagavamsam","330":"Nagaralu","331":"Nambiar","332":"Brahmin - Narmadiya ","333":"Neeli","334":"Otari","335":"Partraj","336":"Perika","337":"Brahmin - Pushkarna","338":"Relli","339":"Chattada Sri Vaishnava ","340":"Savji","341":"Senguntha Mudaliyar","342":"Sozhiya Vellalar","343":"Sugali (Naika)","344":"Sunari","346":"Togata","347":"Tonk Kshatriya","348":"Turupu Kapu","349":"Urs","350":"Valluvan","351":"Variar","352":"Varshney","353":"Velaan","354":"Brahmin - Velanadu","355":"Vettuva Gounder","356":"Vada Balija","357":"Yellapu","358":"Raigar","673":"Badaga","675":"Thakore","676":"Pathare Prabhu","677":"Lohar","680":"Brahmin - Gujar Gaur","681":"Brahmin - Sikhwal","682":"Srisayana","683":"Poosala","684":"Ganda","685":"Ayyaraka","686":"Rajbhar","687":"Brahmin - Vaikhanasa","688":"Pandaram","689":"Koli Mahadev","690":"Bishnoi/Vishnoi","691":"Kahar","692":"Adi Andhra","693":"Adi Karnataka","694":"Brahmin - Paliwal","695":"Kalal","696":"Urali Gounder","998":"Caste no bar","999":"Others"},"CATEGORY":"1|10"},{"CASTE":{"0":"Don\u0027t wish to specify","1":"Ad Dharmi","2":"Adi Dravida","3":"Agarwal","4":"Agnikula Kshatriya","5":"Agri","6":"Ahom","7":"Ambalavasi","281":"Arora","8":"Arunthathiyar","9":"Arya Vysya","10":"Baidya","11":"Baishnab","12":"Baishya","13":"Balija","14":"Banik","15":"Baniya","16":"Barujibi","17":"Besta","18":"Bhandari","19":"Bhatia","20":"Bhavasar Kshatriya","21":"Bhovi","22":"Billava","23":"Boyer","24":"Brahmbatt","25":"Brahmin - Others","260":"Brahmin - Anavil","261":"Brahmin - Audichya","254":"Brahmin - Barendra","267":"Brahmin - Bhatt","286":"Brahmin - Danua","269":"Brahmin - Daivadnya","270":"Brahmin - Deshastha","290":"Brahmin - Dhiman","291":"Brahmin - Dravida","262":"Brahmin - Goswami/Gosavi","26":"Brahmin - Gurukkal","287":"Brahmin - Halua","271":"Brahmin - Havyaka","272":"Brahmin - Hoysala","27":"Brahmin - Iyengar","28":"Brahmin - Iyer","288":"Brahmin - Jhadua","240":"Brahmin - Bhumihar","273":"Brahmin - Karhade","274":"Brahmin - Kota","283":"Brahmin - Kokanastha","255":"Brahmin - Kulin","241":"Brahmin - Kanyakubj","242":"Brahmin - Gaur","243":"Brahmin - Maithil","275":"Brahmin - Madhwa","263":"Brahmin - Modh","282":"Brahmin - Mohyal","258":"Brahmin - Namboodiri","264":"Brahmin - Nagar","292":"Brahmin - Niyogi","244":"Brahmin - Saryuparin","245":"Brahmin - Garhwali","289":"Brahmin - Panda","256":"Brahmin - Rarhi","257":"Brahmin - Rudraj","284":"Brahmin - Rigvedi","246":"Brahmin - Pandit","247":"Brahmin - Sanadya","268":"Brahmin - Sakaldwipi","276":"Brahmin - Sanketi","259":"Brahmin - Saraswat","278":"Brahmin - Smartha","279":"Brahmin - Sri Vaishnava","280":"Brahmin - Stanika","277":"Brahmin - Shivhalli","265":"Brahmin - Shrimali","285":"Brahmin - Vaidiki","266":"Brahmin - Vyas","248":"Brahmin - Kumoani","249":"Brahmin - Tyagi","29":"Jatav","30":"Chambhar","31":"Chandravanshi Kahar","32":"Chasa","33":"Chaudary","34":"Chaurasia","35":"Chettiar","36":"Chhetri","37":"CKP","38":"Coorgi","39":"Devadiga","40":"Devandra Kula Vellalar","41":"Devang Koshthi","42":"Devanga","43":"Dhangar","44":"Dheevara","45":"Dhiman","46":"Dhoba","47":"Dhobi","48":"Ediga","49":"Ezhava","50":"Ezhuthachan","51":"Gabit","52":"Gandla","53":"Ganiga","54":"Garhwali","55":"Gavara","56":"Ghumar","57":"Goala","58":"Goan","250":"Goud","59":"Gounder","60":"Gowda","61":"Gudia","62":"Gupta","63":"Intercaste","64":"Irani","65":"Jaiswal","66":"Jangam","67":"Jat","251":"Kadava Patel","68":"Kaibarta","69":"Kalar","70":"Kalinga","71":"Kalita","72":"Kalwar","73":"Kamboj","74":"Kamma","75":"Kansari","76":"Kapu","77":"Karana","78":"Karmakar","79":"Karuneegar","80":"Kasar","81":"Kashyap","82":"Kayastha","83":"Khandayat","84":"Khandelwal","85":"Khatri","86":"Koli","87":"Kongu Vellala Gounder","88":"Konkani","89":"Kori","90":"Kshatriya","91":"Kudumbi","92":"Kulal","93":"Kulalar","94":"Kulita","95":"Kumbhakar","96":"Kumbhar","97":"Kumhar","98":"Kummari","99":"Kunbi","100":"Kurmi Kshatriya","101":"Kuruba","102":"Kuruhina Shetty","103":"Kurumbar","104":"Kutchi","105":"Lambadi","252":"Leva patel","253":"Leva patil","106":"Lingayath","107":"Lohana","108":"Lubana","109":"Madiga","110":"Mahajan","111":"Mahar","112":"Mahendra","113":"Maheshwari","114":"Mahishya","115":"Majabi","116":"Mala","117":"Mali","118":"Mallah","119":"Mangalorean","120":"Manipuri","121":"Munnuru Kapu","122":"Mapila","123":"Maratha","124":"Maruthuvar","125":"Matang","126":"Meena","127":"Meenavar","128":"Mehra","129":"Meru Darji","130":"Mochi","131":"Modak","132":"Mogaveera","133":"Mudaliyar","134":"Mudiraj","135":"Devar/Thevar/Mukkulathor","136":"Muthuraja","137":"Nadar","138":"Nai","139":"Naicker","140":"Naidu","141":"Naik","142":"Nair","143":"Namosudra","144":"Napit","145":"Nayaka","146":"Nepali","147":"Nhavi","148":"Oswal","149":"Padmasali","150":"Pal","151":"Panchal","152":"Panicker","153":"Parkava Kulam","154":"Parsi","155":"Pasi","156":"Patel","157":"Patnaick/Sistakaranam","158":"Patra","159":"Pillai","160":"Porwal","161":"Prajapati","162":"Rajaka","163":"Rajastani","164":"Rajbonshi","165":"Rajput","166":"Ramdasia","167":"Ramgariah","168":"Ravidasia","169":"Rawat","170":"Reddy","171":"Sadgope","172":"Saha","173":"Sahu","174":"Saini","175":"Saliya","176":"SC","177":"Senai Thalaivar","293":"Settibalija","178":"Bunt (Shetty)","179":"Shimpi","180":"Sindhi","181":"Sindhi-Amil","182":"Sindhi-Baibhand","183":"Sindhi-Bhanusali","184":"Sindhi-Bhatia","185":"Sindhi-Chhapru","186":"Sindhi-Dadu","187":"Sindhi-Hyderabadi","188":"Sindhi-Larai","189":"Sindhi-Larkana","190":"Sindhi-Lohana","191":"Sindhi-Rohiri","192":"Sindhi-Sahiti","193":"Sindhi-Sakkhar","194":"Sindhi-Sehwani","195":"Sindhi-Shikarpuri","196":"Sindhi-Thatai","197":"SKP","198":"Sonar","199":"Soni","200":"Sourashtra","201":"Sundhi","202":"Suthar","203":"Swakula Sali","204":"Tamboli","205":"Tanti","206":"Tantubai","207":"Telaga","208":"Teli","209":"Thakkar","210":"Thakur","211":"Thigala","212":"Thiyya","213":"Tili","214":"ST","215":"Uppara","216":"Vaddera","217":"Vaish","218":"Vaishnav","219":"Vaishnava","220":"Vaishya","221":"Vaishya Vani","222":"Valmiki","223":"Vania","224":"Vaniya","225":"Vanjara","226":"Vanjari","227":"Vankar","228":"Vannar","229":"Vannia Kula Kshatriyar","230":"Veera Saivam","231":"Velama","232":"Vellalar","233":"Veluthedathu Nair","234":"Vilakkithala Nair","235":"Viswabrahmin","236":"Vishwakarma","237":"Vokkaliga","238":"Vysya","239":"Yadav","294":"Arekatica","295":"Banjara","296":"Barai","297":"Bari","298":"Bhatraju","299":"Brahmin - Jangid","301":"Chippolu (Mera)","302":"Dumal","303":"Dusadh (Paswan)","304":"Gawali","305":"Ghisadi","306":"Gomantak","307":"Gondhali","308":"Gramani","309":"Gurav","310":"Gujjar","311":"Guptan","312":"Gurjar","313":"Hugar (Jeer)","314":"Jaalari","315":"Jandra","316":"Jangra - Brahmin","317":"Jogi (Nath)","318":"Kachara","319":"Kalinga Vysya","320":"Katiya","321":"Kharwar","322":"Kokanastha Maratha","323":"Kumawat","324":"Kuravan","325":"Kurmi","326":"Kushwaha (Koiri)","327":"Lodhi Rajput","328":"Mathur","329":"Naagavamsam","330":"Nagaralu","331":"Nambiar","332":"Brahmin - Narmadiya ","333":"Neeli","334":"Otari","335":"Partraj","336":"Perika","337":"Brahmin - Pushkarna","338":"Relli","339":"Chattada Sri Vaishnava ","340":"Savji","341":"Senguntha Mudaliyar","342":"Sozhiya Vellalar","343":"Sugali (Naika)","344":"Sunari","346":"Togata","347":"Tonk Kshatriya","348":"Turupu Kapu","349":"Urs","350":"Valluvan","351":"Variar","352":"Varshney","353":"Velaan","354":"Brahmin - Velanadu","355":"Vettuva Gounder","356":"Vada Balija","357":"Yellapu","358":"Raigar","673":"Badaga","675":"Thakore","676":"Pathare Prabhu","677":"Lohar","680":"Brahmin - Gujar Gaur","681":"Brahmin - Sikhwal","682":"Srisayana","683":"Poosala","684":"Ganda","685":"Ayyaraka","686":"Rajbhar","687":"Brahmin - Vaikhanasa","688":"Pandaram","689":"Koli Mahadev","690":"Bishnoi/Vishnoi","691":"Kahar","692":"Adi Andhra","693":"Adi Karnataka","694":"Brahmin - Paliwal","695":"Kalal","696":"Urali Gounder","998":"Caste no bar","999":"Others"},"CATEGORY":"1|11"},{"CASTE":{"0":"Don\u0027t wish to specify","1":"Ad Dharmi","2":"Adi Dravida","3":"Agarwal","4":"Agnikula Kshatriya","5":"Agri","6":"Ahom","7":"Ambalavasi","281":"Arora","8":"Arunthathiyar","9":"Arya Vysya","10":"Baidya","11":"Baishnab","12":"Baishya","13":"Balija","14":"Banik","15":"Baniya","16":"Barujibi","17":"Besta","18":"Bhandari","19":"Bhatia","20":"Bhavasar Kshatriya","21":"Bhovi","22":"Billava","23":"Boyer","24":"Brahmbatt","25":"Brahmin - Others","260":"Brahmin - Anavil","261":"Brahmin - Audichya","254":"Brahmin - Barendra","267":"Brahmin - Bhatt","286":"Brahmin - Danua","269":"Brahmin - Daivadnya","270":"Brahmin - Deshastha","290":"Brahmin - Dhiman","291":"Brahmin - Dravida","262":"Brahmin - Goswami/Gosavi","26":"Brahmin - Gurukkal","287":"Brahmin - Halua","271":"Brahmin - Havyaka","272":"Brahmin - Hoysala","27":"Brahmin - Iyengar","28":"Brahmin - Iyer","288":"Brahmin - Jhadua","240":"Brahmin - Bhumihar","273":"Brahmin - Karhade","274":"Brahmin - Kota","283":"Brahmin - Kokanastha","255":"Brahmin - Kulin","241":"Brahmin - Kanyakubj","242":"Brahmin - Gaur","243":"Brahmin - Maithil","275":"Brahmin - Madhwa","263":"Brahmin - Modh","282":"Brahmin - Mohyal","258":"Brahmin - Namboodiri","264":"Brahmin - Nagar","292":"Brahmin - Niyogi","244":"Brahmin - Saryuparin","245":"Brahmin - Garhwali","289":"Brahmin - Panda","256":"Brahmin - Rarhi","257":"Brahmin - Rudraj","284":"Brahmin - Rigvedi","246":"Brahmin - Pandit","247":"Brahmin - Sanadya","268":"Brahmin - Sakaldwipi","276":"Brahmin - Sanketi","259":"Brahmin - Saraswat","278":"Brahmin - Smartha","279":"Brahmin - Sri Vaishnava","280":"Brahmin - Stanika","277":"Brahmin - Shivhalli","265":"Brahmin - Shrimali","285":"Brahmin - Vaidiki","266":"Brahmin - Vyas","248":"Brahmin - Kumoani","249":"Brahmin - Tyagi","29":"Jatav","30":"Chambhar","31":"Chandravanshi Kahar","32":"Chasa","33":"Chaudary","34":"Chaurasia","35":"Chettiar","36":"Chhetri","37":"CKP","38":"Coorgi","39":"Devadiga","40":"Devandra Kula Vellalar","41":"Devang Koshthi","42":"Devanga","43":"Dhangar","44":"Dheevara","45":"Dhiman","46":"Dhoba","47":"Dhobi","48":"Ediga","49":"Ezhava","50":"Ezhuthachan","51":"Gabit","52":"Gandla","53":"Ganiga","54":"Garhwali","55":"Gavara","56":"Ghumar","57":"Goala","58":"Goan","250":"Goud","59":"Gounder","60":"Gowda","61":"Gudia","62":"Gupta","63":"Intercaste","64":"Irani","65":"Jaiswal","66":"Jangam","67":"Jat","251":"Kadava Patel","68":"Kaibarta","69":"Kalar","70":"Kalinga","71":"Kalita","72":"Kalwar","73":"Kamboj","74":"Kamma","75":"Kansari","76":"Kapu","77":"Karana","78":"Karmakar","79":"Karuneegar","80":"Kasar","81":"Kashyap","82":"Kayastha","83":"Khandayat","84":"Khandelwal","85":"Khatri","86":"Koli","87":"Kongu Vellala Gounder","88":"Konkani","89":"Kori","90":"Kshatriya","91":"Kudumbi","92":"Kulal","93":"Kulalar","94":"Kulita","95":"Kumbhakar","96":"Kumbhar","97":"Kumhar","98":"Kummari","99":"Kunbi","100":"Kurmi Kshatriya","101":"Kuruba","102":"Kuruhina Shetty","103":"Kurumbar","104":"Kutchi","105":"Lambadi","252":"Leva patel","253":"Leva patil","106":"Lingayath","107":"Lohana","108":"Lubana","109":"Madiga","110":"Mahajan","111":"Mahar","112":"Mahendra","113":"Maheshwari","114":"Mahishya","115":"Majabi","116":"Mala","117":"Mali","118":"Mallah","119":"Mangalorean","120":"Manipuri","121":"Munnuru Kapu","122":"Mapila","123":"Maratha","124":"Maruthuvar","125":"Matang","126":"Meena","127":"Meenavar","128":"Mehra","129":"Meru Darji","130":"Mochi","131":"Modak","132":"Mogaveera","133":"Mudaliyar","134":"Mudiraj","135":"Devar/Thevar/Mukkulathor","136":"Muthuraja","137":"Nadar","138":"Nai","139":"Naicker","140":"Naidu","141":"Naik","142":"Nair","143":"Namosudra","144":"Napit","145":"Nayaka","146":"Nepali","147":"Nhavi","148":"Oswal","149":"Padmasali","150":"Pal","151":"Panchal","152":"Panicker","153":"Parkava Kulam","154":"Parsi","155":"Pasi","156":"Patel","157":"Patnaick/Sistakaranam","158":"Patra","159":"Pillai","160":"Porwal","161":"Prajapati","162":"Rajaka","163":"Rajastani","164":"Rajbonshi","165":"Rajput","166":"Ramdasia","167":"Ramgariah","168":"Ravidasia","169":"Rawat","170":"Reddy","171":"Sadgope","172":"Saha","173":"Sahu","174":"Saini","175":"Saliya","176":"SC","177":"Senai Thalaivar","293":"Settibalija","178":"Bunt (Shetty)","179":"Shimpi","180":"Sindhi","181":"Sindhi-Amil","182":"Sindhi-Baibhand","183":"Sindhi-Bhanusali","184":"Sindhi-Bhatia","185":"Sindhi-Chhapru","186":"Sindhi-Dadu","187":"Sindhi-Hyderabadi","188":"Sindhi-Larai","189":"Sindhi-Larkana","190":"Sindhi-Lohana","191":"Sindhi-Rohiri","192":"Sindhi-Sahiti","193":"Sindhi-Sakkhar","194":"Sindhi-Sehwani","195":"Sindhi-Shikarpuri","196":"Sindhi-Thatai","197":"SKP","198":"Sonar","199":"Soni","200":"Sourashtra","201":"Sundhi","202":"Suthar","203":"Swakula Sali","204":"Tamboli","205":"Tanti","206":"Tantubai","207":"Telaga","208":"Teli","209":"Thakkar","210":"Thakur","211":"Thigala","212":"Thiyya","213":"Tili","214":"ST","215":"Uppara","216":"Vaddera","217":"Vaish","218":"Vaishnav","219":"Vaishnava","220":"Vaishya","221":"Vaishya Vani","222":"Valmiki","223":"Vania","224":"Vaniya","225":"Vanjara","226":"Vanjari","227":"Vankar","228":"Vannar","229":"Vannia Kula Kshatriyar","230":"Veera Saivam","231":"Velama","232":"Vellalar","233":"Veluthedathu Nair","234":"Vilakkithala Nair","235":"Viswabrahmin","236":"Vishwakarma","237":"Vokkaliga","238":"Vysya","239":"Yadav","294":"Arekatica","295":"Banjara","296":"Barai","297":"Bari","298":"Bhatraju","299":"Brahmin - Jangid","301":"Chippolu (Mera)","302":"Dumal","303":"Dusadh (Paswan)","304":"Gawali","305":"Ghisadi","306":"Gomantak","307":"Gondhali","308":"Gramani","309":"Gurav","310":"Gujjar","311":"Guptan","312":"Gurjar","313":"Hugar (Jeer)","314":"Jaalari","315":"Jandra","316":"Jangra - Brahmin","317":"Jogi (Nath)","318":"Kachara","319":"Kalinga Vysya","320":"Katiya","321":"Kharwar","322":"Kokanastha Maratha","323":"Kumawat","324":"Kuravan","325":"Kurmi","326":"Kushwaha (Koiri)","327":"Lodhi Rajput","328":"Mathur","329":"Naagavamsam","330":"Nagaralu","331":"Nambiar","332":"Brahmin - Narmadiya ","333":"Neeli","334":"Otari","335":"Partraj","336":"Perika","337":"Brahmin - Pushkarna","338":"Relli","339":"Chattada Sri Vaishnava ","340":"Savji","341":"Senguntha Mudaliyar","342":"Sozhiya Vellalar","343":"Sugali (Naika)","344":"Sunari","346":"Togata","347":"Tonk Kshatriya","348":"Turupu Kapu","349":"Urs","350":"Valluvan","351":"Variar","352":"Varshney","353":"Velaan","354":"Brahmin - Velanadu","355":"Vettuva Gounder","356":"Vada Balija","357":"Yellapu","358":"Raigar","673":"Badaga","675":"Thakore","676":"Pathare Prabhu","677":"Lohar","680":"Brahmin - Gujar Gaur","681":"Brahmin - Sikhwal","682":"Srisayana","683":"Poosala","684":"Ganda","685":"Ayyaraka","686":"Rajbhar","687":"Brahmin - Vaikhanasa","688":"Pandaram","689":"Koli Mahadev","690":"Bishnoi/Vishnoi","691":"Kahar","692":"Adi Andhra","693":"Adi Karnataka","694":"Brahmin - Paliwal","695":"Kalal","696":"Urali Gounder","998":"Caste no bar","999":"Others"},"CATEGORY":"1|51"},{"CASTE":{"0":"Don\u0027t wish to specify","400":"Muslim - Ansari","401":"Muslim - Arain","402":"Muslim - Awan","403":"Muslim - Bohra","404":"Muslim - Dekkani","405":"Muslim - Dudekula","406":"Muslim - Hanafi","407":"Muslim - Jat","408":"Muslim - Khoja","409":"Muslim - Lebbai","410":"Muslim - Malik","411":"Muslim - Mapila","412":"Muslim - Maraicar","413":"Muslim - Memon","414":"Muslim - Mughal","415":"Muslim - Pathan","416":"Muslim - Qureshi","417":"Muslim - Rajput","418":"Muslim - Rowther","419":"Muslim - Shafi","420":"Muslim - Sheikh","421":"Muslim - Siddiqui","422":"Muslim - Syed","423":"Muslim - UnSpecified","424":"Muslim - Others","998":"Caste no bar","999":"Others"},"CATEGORY":"10|0"},{"CASTE":{"0":"Don\u0027t wish to specify","400":"Muslim - Ansari","401":"Muslim - Arain","402":"Muslim - Awan","403":"Muslim - Bohra","404":"Muslim - Dekkani","405":"Muslim - Dudekula","406":"Muslim - Hanafi","407":"Muslim - Jat","408":"Muslim - Khoja","409":"Muslim - Lebbai","410":"Muslim - Malik","411":"Muslim - Mapila","412":"Muslim - Maraicar","413":"Muslim - Memon","414":"Muslim - Mughal","415":"Muslim - Pathan","416":"Muslim - Qureshi","417":"Muslim - Rajput","418":"Muslim - Rowther","419":"Muslim - Shafi","420":"Muslim - Sheikh","421":"Muslim - Siddiqui","422":"Muslim - Syed","423":"Muslim - UnSpecified","424":"Muslim - Others","998":"Caste no bar","999":"Others"},"CATEGORY":"11|0"},{"CASTE":{"0":"Don\u0027t wish to specify","400":"Muslim - Ansari","401":"Muslim - Arain","402":"Muslim - Awan","403":"Muslim - Bohra","404":"Muslim - Dekkani","405":"Muslim - Dudekula","406":"Muslim - Hanafi","407":"Muslim - Jat","408":"Muslim - Khoja","409":"Muslim - Lebbai","410":"Muslim - Malik","411":"Muslim - Mapila","412":"Muslim - Maraicar","413":"Muslim - Memon","414":"Muslim - Mughal","415":"Muslim - Pathan","416":"Muslim - Qureshi","417":"Muslim - Rajput","418":"Muslim - Rowther","419":"Muslim - Shafi","420":"Muslim - Sheikh","421":"Muslim - Siddiqui","422":"Muslim - Syed","423":"Muslim - UnSpecified","424":"Muslim - Others","998":"Caste no bar","999":"Others"},"CATEGORY":"2|0"},{"CASTE":{"0":"Don\u0027t wish to specify","501":"Christian - Born Again","502":"Christian - Bretheren","503":"Christian - Church of South India","504":"Christian - Evangelist","505":"Christian - Jacobite","506":"Christian - Knanaya","507":"Christian - Knanaya Catholic","508":"Christian - Knanaya Jacobite","509":"Christian - Latin Catholic","510":"Christian - Malankara","511":"Christian - Marthoma","512":"Christian - Others","513":"Christian - Pentacost","514":"Christian - Roman Catholic","515":"Christian - Syrian Catholic","516":"Christian - Syrian Jacobite","517":"Christian - Syrian Orthodox","518":"Christian - Syro Malabar","519":"Christian - unspecified","998":"Caste no bar","999":"Others"},"CATEGORY":"12|0"},{"CASTE":{"0":"Don\u0027t wish to specify","501":"Christian - Born Again","502":"Christian - Bretheren","503":"Christian - Church of South India","504":"Christian - Evangelist","505":"Christian - Jacobite","506":"Christian - Knanaya","507":"Christian - Knanaya Catholic","508":"Christian - Knanaya Jacobite","509":"Christian - Latin Catholic","510":"Christian - Malankara","511":"Christian - Marthoma","512":"Christian - Others","513":"Christian - Pentacost","514":"Christian - Roman Catholic","515":"Christian - Syrian Catholic","516":"Christian - Syrian Jacobite","517":"Christian - Syrian Orthodox","518":"Christian - Syro Malabar","519":"Christian - unspecified","998":"Caste no bar","999":"Others"},"CATEGORY":"13|0"},{"CASTE":{"0":"Don\u0027t wish to specify","501":"Christian - Born Again","502":"Christian - Bretheren","503":"Christian - Church of South India","504":"Christian - Evangelist","505":"Christian - Jacobite","506":"Christian - Knanaya","507":"Christian - Knanaya Catholic","508":"Christian - Knanaya Jacobite","509":"Christian - Latin Catholic","510":"Christian - Malankara","511":"Christian - Marthoma","512":"Christian - Others","513":"Christian - Pentacost","514":"Christian - Roman Catholic","515":"Christian - Syrian Catholic","516":"Christian - Syrian Jacobite","517":"Christian - Syrian Orthodox","518":"Christian - Syro Malabar","519":"Christian - unspecified","998":"Caste no bar","999":"Others"},"CATEGORY":"14|0"},{"CASTE":{"0":"Don\u0027t wish to specify","501":"Christian - Born Again","502":"Christian - Bretheren","503":"Christian - Church of South India","504":"Christian - Evangelist","505":"Christian - Jacobite","506":"Christian - Knanaya","507":"Christian - Knanaya Catholic","508":"Christian - Knanaya Jacobite","509":"Christian - Latin Catholic","510":"Christian - Malankara","511":"Christian - Marthoma","512":"Christian - Others","513":"Christian - Pentacost","514":"Christian - Roman Catholic","515":"Christian - Syrian Catholic","516":"Christian - Syrian Jacobite","517":"Christian - Syrian Orthodox","518":"Christian - Syro Malabar","519":"Christian - unspecified","998":"Caste no bar","999":"Others"},"CATEGORY":"3|0"},{"CASTE":{"0":"Don\u0027t wish to specify","651":"Sikh - Ahluwalia","652":"Sikh - Arora","653":"Sikh - Bhatia","654":"Sikh - Ghumar","655":"Sikh - Intercaste","656":"Sikh - Jat","657":"Sikh - Kamboj","658":"Sikh - Khatri","659":"Sikh - Kshatriya","660":"Sikh - Lubana","661":"Sikh - Majabi","663":"Sikh - Others","664":"Sikh - Rajput","665":"Sikh - Ramdasia","666":"Sikh - Ramgharia","667":"Sikh - Saini","669":"Sikh - Ravidasia","670":"Sikh - Bhatra","671":"Sikh - Tonk Kshatriya","668":"Sikh - Unspecified","998":"Caste no bar","999":"Others"},"CATEGORY":"4|0"},{"CASTE":{"0":"Don\u0027t wish to specify","601":"Jain - Agarwal","602":"Jain - Bania","603":"Jain - Intercaste","604":"Jain - Jaiswal","605":"Jain - Khandelwal","606":"Jain - Kutchi","608":"Jain - Oswal","609":"Jain - Others","610":"Jain - Porwal","611":"Jain - Unspecified","612":"Jain - Vaishya","613":"Jain - KVO","998":"Caste no bar","999":"Others"},"CATEGORY":"15|0"},{"CASTE":{"0":"Don\u0027t wish to specify","601":"Jain - Agarwal","602":"Jain - Bania","603":"Jain - Intercaste","604":"Jain - Jaiswal","605":"Jain - Khandelwal","606":"Jain - Kutchi","608":"Jain - Oswal","609":"Jain - Others","610":"Jain - Porwal","611":"Jain - Unspecified","612":"Jain - Vaishya","613":"Jain - KVO","998":"Caste no bar","999":"Others"},"CATEGORY":"16|0"},{"CASTE":{"0":"Don\u0027t wish to specify","601":"Jain - Agarwal","602":"Jain - Bania","603":"Jain - Intercaste","604":"Jain - Jaiswal","605":"Jain - Khandelwal","606":"Jain - Kutchi","608":"Jain - Oswal","609":"Jain - Others","610":"Jain - Porwal","611":"Jain - Unspecified","612":"Jain - Vaishya","613":"Jain - KVO","998":"Caste no bar","999":"Others"},"CATEGORY":"5|0"},{"CASTE":{"0":"Don\u0027t wish to specify","64":"Irani","154":"Parsi","63":"Intercaste","998":"Caste no bar","999":"Others"},"CATEGORY":"6|0"},{"CASTE":{"0":"Don\u0027t wish to specify","998":"Caste no bar","999":"Others"},"CATEGORY":"7|0"},{"CASTE":{"0":"Don\u0027t wish to specify","998":"Caste no bar","999":"Others"},"CATEGORY":"17|0"},{"CASTE":{"0":"Don\u0027t wish to specify","1":"Ad Dharmi","2":"Adi Dravida","3":"Agarwal","4":"Agnikula Kshatriya","5":"Agri","6":"Ahom","7":"Ambalavasi","281":"Arora","8":"Arunthathiyar","9":"Arya Vysya","10":"Baidya","11":"Baishnab","12":"Baishya","13":"Balija","14":"Banik","15":"Baniya","16":"Barujibi","17":"Besta","18":"Bhandari","19":"Bhatia","20":"Bhavasar Kshatriya","21":"Bhovi","22":"Billava","23":"Boyer","24":"Brahmbatt","25":"Brahmin - Others","260":"Brahmin - Anavil","261":"Brahmin - Audichya","254":"Brahmin - Barendra","267":"Brahmin - Bhatt","286":"Brahmin - Danua","269":"Brahmin - Daivadnya","270":"Brahmin - Deshastha","290":"Brahmin - Dhiman","291":"Brahmin - Dravida","262":"Brahmin - Goswami/Gosavi","26":"Brahmin - Gurukkal","287":"Brahmin - Halua","271":"Brahmin - Havyaka","272":"Brahmin - Hoysala","27":"Brahmin - Iyengar","28":"Brahmin - Iyer","288":"Brahmin - Jhadua","240":"Brahmin - Bhumihar","273":"Brahmin - Karhade","274":"Brahmin - Kota","283":"Brahmin - Kokanastha","255":"Brahmin - Kulin","241":"Brahmin - Kanyakubj","242":"Brahmin - Gaur","243":"Brahmin - Maithil","275":"Brahmin - Madhwa","263":"Brahmin - Modh","282":"Brahmin - Mohyal","258":"Brahmin - Namboodiri","264":"Brahmin - Nagar","292":"Brahmin - Niyogi","244":"Brahmin - Saryuparin","245":"Brahmin - Garhwali","289":"Brahmin - Panda","256":"Brahmin - Rarhi","257":"Brahmin - Rudraj","284":"Brahmin - Rigvedi","246":"Brahmin - Pandit","247":"Brahmin - Sanadya","268":"Brahmin - Sakaldwipi","276":"Brahmin - Sanketi","259":"Brahmin - Saraswat","278":"Brahmin - Smartha","279":"Brahmin - Sri Vaishnava","280":"Brahmin - Stanika","277":"Brahmin - Shivhalli","265":"Brahmin - Shrimali","285":"Brahmin - Vaidiki","266":"Brahmin - Vyas","248":"Brahmin - Kumoani","249":"Brahmin - Tyagi","29":"Jatav","30":"Chambhar","31":"Chandravanshi Kahar","32":"Chasa","33":"Chaudary","34":"Chaurasia","35":"Chettiar","36":"Chhetri","37":"CKP","38":"Coorgi","39":"Devadiga","40":"Devandra Kula Vellalar","41":"Devang Koshthi","42":"Devanga","43":"Dhangar","44":"Dheevara","45":"Dhiman","46":"Dhoba","47":"Dhobi","48":"Ediga","49":"Ezhava","50":"Ezhuthachan","51":"Gabit","52":"Gandla","53":"Ganiga","54":"Garhwali","55":"Gavara","56":"Ghumar","57":"Goala","58":"Goan","250":"Goud","59":"Gounder","60":"Gowda","61":"Gudia","62":"Gupta","63":"Intercaste","64":"Irani","65":"Jaiswal","66":"Jangam","67":"Jat","251":"Kadava Patel","68":"Kaibarta","69":"Kalar","70":"Kalinga","71":"Kalita","72":"Kalwar","73":"Kamboj","74":"Kamma","75":"Kansari","76":"Kapu","77":"Karana","78":"Karmakar","79":"Karuneegar","80":"Kasar","81":"Kashyap","82":"Kayastha","83":"Khandayat","84":"Khandelwal","85":"Khatri","86":"Koli","87":"Kongu Vellala Gounder","88":"Konkani","89":"Kori","90":"Kshatriya","91":"Kudumbi","92":"Kulal","93":"Kulalar","94":"Kulita","95":"Kumbhakar","96":"Kumbhar","97":"Kumhar","98":"Kummari","99":"Kunbi","100":"Kurmi Kshatriya","101":"Kuruba","102":"Kuruhina Shetty","103":"Kurumbar","104":"Kutchi","105":"Lambadi","252":"Leva patel","253":"Leva patil","106":"Lingayath","107":"Lohana","108":"Lubana","109":"Madiga","110":"Mahajan","111":"Mahar","112":"Mahendra","113":"Maheshwari","114":"Mahishya","115":"Majabi","116":"Mala","117":"Mali","118":"Mallah","119":"Mangalorean","120":"Manipuri","121":"Munnuru Kapu","122":"Mapila","123":"Maratha","124":"Maruthuvar","125":"Matang","126":"Meena","127":"Meenavar","128":"Mehra","129":"Meru Darji","130":"Mochi","131":"Modak","132":"Mogaveera","133":"Mudaliyar","134":"Mudiraj","135":"Devar/Thevar/Mukkulathor","136":"Muthuraja","137":"Nadar","138":"Nai","139":"Naicker","140":"Naidu","141":"Naik","142":"Nair","143":"Namosudra","144":"Napit","145":"Nayaka","146":"Nepali","147":"Nhavi","148":"Oswal","149":"Padmasali","150":"Pal","151":"Panchal","152":"Panicker","153":"Parkava Kulam","154":"Parsi","155":"Pasi","156":"Patel","157":"Patnaick/Sistakaranam","158":"Patra","159":"Pillai","160":"Porwal","161":"Prajapati","162":"Rajaka","163":"Rajastani","164":"Rajbonshi","165":"Rajput","166":"Ramdasia","167":"Ramgariah","168":"Ravidasia","169":"Rawat","170":"Reddy","171":"Sadgope","172":"Saha","173":"Sahu","174":"Saini","175":"Saliya","176":"SC","177":"Senai Thalaivar","293":"Settibalija","178":"Bunt (Shetty)","179":"Shimpi","180":"Sindhi","181":"Sindhi-Amil","182":"Sindhi-Baibhand","183":"Sindhi-Bhanusali","184":"Sindhi-Bhatia","185":"Sindhi-Chhapru","186":"Sindhi-Dadu","187":"Sindhi-Hyderabadi","188":"Sindhi-Larai","189":"Sindhi-Larkana","190":"Sindhi-Lohana","191":"Sindhi-Rohiri","192":"Sindhi-Sahiti","193":"Sindhi-Sakkhar","194":"Sindhi-Sehwani","195":"Sindhi-Shikarpuri","196":"Sindhi-Thatai","197":"SKP","198":"Sonar","199":"Soni","200":"Sourashtra","201":"Sundhi","202":"Suthar","203":"Swakula Sali","204":"Tamboli","205":"Tanti","206":"Tantubai","207":"Telaga","208":"Teli","209":"Thakkar","210":"Thakur","211":"Thigala","212":"Thiyya","213":"Tili","214":"ST","215":"Uppara","216":"Vaddera","217":"Vaish","218":"Vaishnav","219":"Vaishnava","220":"Vaishya","221":"Vaishya Vani","222":"Valmiki","223":"Vania","224":"Vaniya","225":"Vanjara","226":"Vanjari","227":"Vankar","228":"Vannar","229":"Vannia Kula Kshatriyar","230":"Veera Saivam","231":"Velama","232":"Vellalar","233":"Veluthedathu Nair","234":"Vilakkithala Nair","235":"Viswabrahmin","236":"Vishwakarma","237":"Vokkaliga","238":"Vysya","239":"Yadav","294":"Arekatica","295":"Banjara","296":"Barai","297":"Bari","298":"Bhatraju","299":"Brahmin - Jangid","301":"Chippolu (Mera)","302":"Dumal","303":"Dusadh (Paswan)","304":"Gawali","305":"Ghisadi","306":"Gomantak","307":"Gondhali","308":"Gramani","309":"Gurav","310":"Gujjar","311":"Guptan","312":"Gurjar","313":"Hugar (Jeer)","314":"Jaalari","315":"Jandra","316":"Jangra - Brahmin","317":"Jogi (Nath)","318":"Kachara","319":"Kalinga Vysya","320":"Katiya","321":"Kharwar","322":"Kokanastha Maratha","323":"Kumawat","324":"Kuravan","325":"Kurmi","326":"Kushwaha (Koiri)","327":"Lodhi Rajput","328":"Mathur","329":"Naagavamsam","330":"Nagaralu","331":"Nambiar","332":"Brahmin - Narmadiya ","333":"Neeli","334":"Otari","335":"Partraj","336":"Perika","337":"Brahmin - Pushkarna","338":"Relli","339":"Chattada Sri Vaishnava ","340":"Savji","341":"Senguntha Mudaliyar","342":"Sozhiya Vellalar","343":"Sugali (Naika)","344":"Sunari","346":"Togata","347":"Tonk Kshatriya","348":"Turupu Kapu","349":"Urs","350":"Valluvan","351":"Variar","352":"Varshney","353":"Velaan","354":"Brahmin - Velanadu","355":"Vettuva Gounder","356":"Vada Balija","357":"Yellapu","358":"Raigar","673":"Badaga","675":"Thakore","676":"Pathare Prabhu","677":"Lohar","680":"Brahmin - Gujar Gaur","681":"Brahmin - Sikhwal","682":"Srisayana","683":"Poosala","684":"Ganda","685":"Ayyaraka","686":"Rajbhar","687":"Brahmin - Vaikhanasa","688":"Pandaram","689":"Koli Mahadev","690":"Bishnoi/Vishnoi","691":"Kahar","692":"Adi Andhra","693":"Adi Karnataka","694":"Brahmin - Paliwal","695":"Kalal","696":"Urali Gounder","400":"Muslim - Ansari","401":"Muslim - Arain","402":"Muslim - Awan","403":"Muslim - Bohra","404":"Muslim - Dekkani","405":"Muslim - Dudekula","406":"Muslim - Hanafi","407":"Muslim - Jat","408":"Muslim - Khoja","409":"Muslim - Lebbai","410":"Muslim - Malik","411":"Muslim - Mapila","412":"Muslim - Maraicar","413":"Muslim - Memon","414":"Muslim - Mughal","415":"Muslim - Pathan","416":"Muslim - Qureshi","417":"Muslim - Rajput","418":"Muslim - Rowther","419":"Muslim - Shafi","420":"Muslim - Sheikh","421":"Muslim - Siddiqui","422":"Muslim - Syed","423":"Muslim - UnSpecified","424":"Muslim - Others","501":"Christian - Born Again","502":"Christian - Bretheren","503":"Christian - Church of South India","504":"Christian - Evangelist","505":"Christian - Jacobite","506":"Christian - Knanaya","507":"Christian - Knanaya Catholic","508":"Christian - Knanaya Jacobite","509":"Christian - Latin Catholic","510":"Christian - Malankara","511":"Christian - Marthoma","512":"Christian - Others","513":"Christian - Pentacost","514":"Christian - Roman Catholic","515":"Christian - Syrian Catholic","516":"Christian - Syrian Jacobite","517":"Christian - Syrian Orthodox","518":"Christian - Syro Malabar","519":"Christian - unspecified","601":"Jain - Agarwal","602":"Jain - Bania","603":"Jain - Intercaste","604":"Jain - Jaiswal","605":"Jain - Khandelwal","606":"Jain - Kutchi","608":"Jain - Oswal","609":"Jain - Others","610":"Jain - Porwal","611":"Jain - Unspecified","612":"Jain - Vaishya","613":"Jain - KVO","651":"Sikh - Ahluwalia","652":"Sikh - Arora","653":"Sikh - Bhatia","654":"Sikh - Ghumar","655":"Sikh - Intercaste","656":"Sikh - Jat","657":"Sikh - Kamboj","658":"Sikh - Khatri","659":"Sikh - Kshatriya","660":"Sikh - Lubana","661":"Sikh - Majabi","663":"Sikh - Others","664":"Sikh - Rajput","665":"Sikh - Ramdasia","666":"Sikh - Ramgharia","667":"Sikh - Saini","669":"Sikh - Ravidasia","670":"Sikh - Bhatra","671":"Sikh - Tonk Kshatriya","668":"Sikh - Unspecified","998":"Caste no bar","999":"Others"},"CATEGORY":"8|0"},{"CASTE":{"0":"Don\u0027t wish to specify","1":"Ad Dharmi","2":"Adi Dravida","3":"Agarwal","4":"Agnikula Kshatriya","5":"Agri","6":"Ahom","7":"Ambalavasi","281":"Arora","8":"Arunthathiyar","9":"Arya Vysya","10":"Baidya","11":"Baishnab","12":"Baishya","13":"Balija","14":"Banik","15":"Baniya","16":"Barujibi","17":"Besta","18":"Bhandari","19":"Bhatia","20":"Bhavasar Kshatriya","21":"Bhovi","22":"Billava","23":"Boyer","24":"Brahmbatt","25":"Brahmin - Others","260":"Brahmin - Anavil","261":"Brahmin - Audichya","254":"Brahmin - Barendra","267":"Brahmin - Bhatt","286":"Brahmin - Danua","269":"Brahmin - Daivadnya","270":"Brahmin - Deshastha","290":"Brahmin - Dhiman","291":"Brahmin - Dravida","262":"Brahmin - Goswami/Gosavi","26":"Brahmin - Gurukkal","287":"Brahmin - Halua","271":"Brahmin - Havyaka","272":"Brahmin - Hoysala","27":"Brahmin - Iyengar","28":"Brahmin - Iyer","288":"Brahmin - Jhadua","240":"Brahmin - Bhumihar","273":"Brahmin - Karhade","274":"Brahmin - Kota","283":"Brahmin - Kokanastha","255":"Brahmin - Kulin","241":"Brahmin - Kanyakubj","242":"Brahmin - Gaur","243":"Brahmin - Maithil","275":"Brahmin - Madhwa","263":"Brahmin - Modh","282":"Brahmin - Mohyal","258":"Brahmin - Namboodiri","264":"Brahmin - Nagar","292":"Brahmin - Niyogi","244":"Brahmin - Saryuparin","245":"Brahmin - Garhwali","289":"Brahmin - Panda","256":"Brahmin - Rarhi","257":"Brahmin - Rudraj","284":"Brahmin - Rigvedi","246":"Brahmin - Pandit","247":"Brahmin - Sanadya","268":"Brahmin - Sakaldwipi","276":"Brahmin - Sanketi","259":"Brahmin - Saraswat","278":"Brahmin - Smartha","279":"Brahmin - Sri Vaishnava","280":"Brahmin - Stanika","277":"Brahmin - Shivhalli","265":"Brahmin - Shrimali","285":"Brahmin - Vaidiki","266":"Brahmin - Vyas","248":"Brahmin - Kumoani","249":"Brahmin - Tyagi","29":"Jatav","30":"Chambhar","31":"Chandravanshi Kahar","32":"Chasa","33":"Chaudary","34":"Chaurasia","35":"Chettiar","36":"Chhetri","37":"CKP","38":"Coorgi","39":"Devadiga","40":"Devandra Kula Vellalar","41":"Devang Koshthi","42":"Devanga","43":"Dhangar","44":"Dheevara","45":"Dhiman","46":"Dhoba","47":"Dhobi","48":"Ediga","49":"Ezhava","50":"Ezhuthachan","51":"Gabit","52":"Gandla","53":"Ganiga","54":"Garhwali","55":"Gavara","56":"Ghumar","57":"Goala","58":"Goan","250":"Goud","59":"Gounder","60":"Gowda","61":"Gudia","62":"Gupta","63":"Intercaste","64":"Irani","65":"Jaiswal","66":"Jangam","67":"Jat","251":"Kadava Patel","68":"Kaibarta","69":"Kalar","70":"Kalinga","71":"Kalita","72":"Kalwar","73":"Kamboj","74":"Kamma","75":"Kansari","76":"Kapu","77":"Karana","78":"Karmakar","79":"Karuneegar","80":"Kasar","81":"Kashyap","82":"Kayastha","83":"Khandayat","84":"Khandelwal","85":"Khatri","86":"Koli","87":"Kongu Vellala Gounder","88":"Konkani","89":"Kori","90":"Kshatriya","91":"Kudumbi","92":"Kulal","93":"Kulalar","94":"Kulita","95":"Kumbhakar","96":"Kumbhar","97":"Kumhar","98":"Kummari","99":"Kunbi","100":"Kurmi Kshatriya","101":"Kuruba","102":"Kuruhina Shetty","103":"Kurumbar","104":"Kutchi","105":"Lambadi","252":"Leva patel","253":"Leva patil","106":"Lingayath","107":"Lohana","108":"Lubana","109":"Madiga","110":"Mahajan","111":"Mahar","112":"Mahendra","113":"Maheshwari","114":"Mahishya","115":"Majabi","116":"Mala","117":"Mali","118":"Mallah","119":"Mangalorean","120":"Manipuri","121":"Munnuru Kapu","122":"Mapila","123":"Maratha","124":"Maruthuvar","125":"Matang","126":"Meena","127":"Meenavar","128":"Mehra","129":"Meru Darji","130":"Mochi","131":"Modak","132":"Mogaveera","133":"Mudaliyar","134":"Mudiraj","135":"Devar/Thevar/Mukkulathor","136":"Muthuraja","137":"Nadar","138":"Nai","139":"Naicker","140":"Naidu","141":"Naik","142":"Nair","143":"Namosudra","144":"Napit","145":"Nayaka","146":"Nepali","147":"Nhavi","148":"Oswal","149":"Padmasali","150":"Pal","151":"Panchal","152":"Panicker","153":"Parkava Kulam","154":"Parsi","155":"Pasi","156":"Patel","157":"Patnaick/Sistakaranam","158":"Patra","159":"Pillai","160":"Porwal","161":"Prajapati","162":"Rajaka","163":"Rajastani","164":"Rajbonshi","165":"Rajput","166":"Ramdasia","167":"Ramgariah","168":"Ravidasia","169":"Rawat","170":"Reddy","171":"Sadgope","172":"Saha","173":"Sahu","174":"Saini","175":"Saliya","176":"SC","177":"Senai Thalaivar","293":"Settibalija","178":"Bunt (Shetty)","179":"Shimpi","180":"Sindhi","181":"Sindhi-Amil","182":"Sindhi-Baibhand","183":"Sindhi-Bhanusali","184":"Sindhi-Bhatia","185":"Sindhi-Chhapru","186":"Sindhi-Dadu","187":"Sindhi-Hyderabadi","188":"Sindhi-Larai","189":"Sindhi-Larkana","190":"Sindhi-Lohana","191":"Sindhi-Rohiri","192":"Sindhi-Sahiti","193":"Sindhi-Sakkhar","194":"Sindhi-Sehwani","195":"Sindhi-Shikarpuri","196":"Sindhi-Thatai","197":"SKP","198":"Sonar","199":"Soni","200":"Sourashtra","201":"Sundhi","202":"Suthar","203":"Swakula Sali","204":"Tamboli","205":"Tanti","206":"Tantubai","207":"Telaga","208":"Teli","209":"Thakkar","210":"Thakur","211":"Thigala","212":"Thiyya","213":"Tili","214":"ST","215":"Uppara","216":"Vaddera","217":"Vaish","218":"Vaishnav","219":"Vaishnava","220":"Vaishya","221":"Vaishya Vani","222":"Valmiki","223":"Vania","224":"Vaniya","225":"Vanjara","226":"Vanjari","227":"Vankar","228":"Vannar","229":"Vannia Kula Kshatriyar","230":"Veera Saivam","231":"Velama","232":"Vellalar","233":"Veluthedathu Nair","234":"Vilakkithala Nair","235":"Viswabrahmin","236":"Vishwakarma","237":"Vokkaliga","238":"Vysya","239":"Yadav","294":"Arekatica","295":"Banjara","296":"Barai","297":"Bari","298":"Bhatraju","299":"Brahmin - Jangid","301":"Chippolu (Mera)","302":"Dumal","303":"Dusadh (Paswan)","304":"Gawali","305":"Ghisadi","306":"Gomantak","307":"Gondhali","308":"Gramani","309":"Gurav","310":"Gujjar","311":"Guptan","312":"Gurjar","313":"Hugar (Jeer)","314":"Jaalari","315":"Jandra","316":"Jangra - Brahmin","317":"Jogi (Nath)","318":"Kachara","319":"Kalinga Vysya","320":"Katiya","321":"Kharwar","322":"Kokanastha Maratha","323":"Kumawat","324":"Kuravan","325":"Kurmi","326":"Kushwaha (Koiri)","327":"Lodhi Rajput","328":"Mathur","329":"Naagavamsam","330":"Nagaralu","331":"Nambiar","332":"Brahmin - Narmadiya ","333":"Neeli","334":"Otari","335":"Partraj","336":"Perika","337":"Brahmin - Pushkarna","338":"Relli","339":"Chattada Sri Vaishnava ","340":"Savji","341":"Senguntha Mudaliyar","342":"Sozhiya Vellalar","343":"Sugali (Naika)","344":"Sunari","346":"Togata","347":"Tonk Kshatriya","348":"Turupu Kapu","349":"Urs","350":"Valluvan","351":"Variar","352":"Varshney","353":"Velaan","354":"Brahmin - Velanadu","355":"Vettuva Gounder","356":"Vada Balija","357":"Yellapu","358":"Raigar","673":"Badaga","675":"Thakore","676":"Pathare Prabhu","677":"Lohar","680":"Brahmin - Gujar Gaur","681":"Brahmin - Sikhwal","682":"Srisayana","683":"Poosala","684":"Ganda","685":"Ayyaraka","686":"Rajbhar","687":"Brahmin - Vaikhanasa","688":"Pandaram","689":"Koli Mahadev","690":"Bishnoi/Vishnoi","691":"Kahar","692":"Adi Andhra","693":"Adi Karnataka","694":"Brahmin - Paliwal","695":"Kalal","696":"Urali Gounder","400":"Muslim - Ansari","401":"Muslim - Arain","402":"Muslim - Awan","403":"Muslim - Bohra","404":"Muslim - Dekkani","405":"Muslim - Dudekula","406":"Muslim - Hanafi","407":"Muslim - Jat","408":"Muslim - Khoja","409":"Muslim - Lebbai","410":"Muslim - Malik","411":"Muslim - Mapila","412":"Muslim - Maraicar","413":"Muslim - Memon","414":"Muslim - Mughal","415":"Muslim - Pathan","416":"Muslim - Qureshi","417":"Muslim - Rajput","418":"Muslim - Rowther","419":"Muslim - Shafi","420":"Muslim - Sheikh","421":"Muslim - Siddiqui","422":"Muslim - Syed","423":"Muslim - UnSpecified","424":"Muslim - Others","501":"Christian - Born Again","502":"Christian - Bretheren","503":"Christian - Church of South India","504":"Christian - Evangelist","505":"Christian - Jacobite","506":"Christian - Knanaya","507":"Christian - Knanaya Catholic","508":"Christian - Knanaya Jacobite","509":"Christian - Latin Catholic","510":"Christian - Malankara","511":"Christian - Marthoma","512":"Christian - Others","513":"Christian - Pentacost","514":"Christian - Roman Catholic","515":"Christian - Syrian Catholic","516":"Christian - Syrian Jacobite","517":"Christian - Syrian Orthodox","518":"Christian - Syro Malabar","519":"Christian - unspecified","601":"Jain - Agarwal","602":"Jain - Bania","603":"Jain - Intercaste","604":"Jain - Jaiswal","605":"Jain - Khandelwal","606":"Jain - Kutchi","608":"Jain - Oswal","609":"Jain - Others","610":"Jain - Porwal","611":"Jain - Unspecified","612":"Jain - Vaishya","613":"Jain - KVO","651":"Sikh - Ahluwalia","652":"Sikh - Arora","653":"Sikh - Bhatia","654":"Sikh - Ghumar","655":"Sikh - Intercaste","656":"Sikh - Jat","657":"Sikh - Kamboj","658":"Sikh - Khatri","659":"Sikh - Kshatriya","660":"Sikh - Lubana","661":"Sikh - Majabi","663":"Sikh - Others","664":"Sikh - Rajput","665":"Sikh - Ramdasia","666":"Sikh - Ramgharia","667":"Sikh - Saini","669":"Sikh - Ravidasia","670":"Sikh - Bhatra","671":"Sikh - Tonk Kshatriya","668":"Sikh - Unspecified","998":"Caste no bar","999":"Others"},"CATEGORY":"9|0"}]}