{"MOTHERTONGUE":{"1":"Arunachali","2":"Assamese","3":"Awadhi","4":"Bengali","5":"Bhojpuri","6":"Brij","7":"Bihari","53":"Badaga","8":"Chatisgarhi","9":"Dogri","10":"English","11":"French","12":"Garhwali","13":"Garo","14":"Gujarati","15":"Haryanvi","16":"Himachali/Pahari","17":"Hindi","18":"Kanauji","19":"Kannada","20":"Kashmiri","21":"Khandesi","22":"Khasi","23":"Konkani","24":"Koshali","25":"Kumoani","26":"Kutchi","27":"Lepcha","28":"Ladacki","29":"Magahi","30":"Maithili","31":"Malayalam","32":"Manipuri","33":"Marathi","34":"Marwari","35":"Miji","36":"Mizo","37":"Monpa","38":"Nicobarese","39":"Nepali","40":"Oriya","41":"Punjabi","42":"Rajasthani","43":"Sanskrit","44":"Santhali","45":"Sindhi","46":"Sourashtra","47":"Tamil","48":"Telugu","49":"Tripuri","50":"Tulu","51":"Urdu"}}